hgnc_id,symbol,ensembl_gene_id,class,name,uniprot_ids,entrez_id,alias_symbol,kinase_com_name
HGNC:19679,AAK1,ENSG00000115977,Light,AP2 associated kinase 1,Q2M2I8,22848,AAK1|KIAA1048|DKFZp686K16132,AAK1
HGNC:21,AATK,ENSG00000181409,Light,apoptosis associated tyrosine kinase,Q6ZMQ8,9625,AATK|AATYK|KIAA0641|LMTK1|LMR1|AATYK1|PPP1R77,LMR1
HGNC:76,ABL1,ENSG00000097007,Light,"ABL proto-oncogene 1, non-receptor tyrosine kinase",P00519,25,ABL1|JTK7|c-ABL|p150,ABL1
HGNC:77,ABL2,ENSG00000143322,Light,"ABL proto-oncogene 2, non-receptor tyrosine kinase",P42684,27,ABL2|ARG,ABL2
HGNC:81,ABR,ENSG00000159842,Light,ABR activator of RhoGEF and GTPase,Q12979,29,ABR|MDB,NA
HGNC:171,ACVR1,ENSG00000115170,Light,activin A receptor type 1,Q04771,90,ACVR1|SKR1|ALK2|ACVR1A,ALK2
HGNC:172,ACVR1B,ENSG00000135503,Light,activin A receptor type 1B,P36896,91,ACVR1B|ALK4|SKR2|ActRIB,ALK4
HGNC:18123,ACVR1C,ENSG00000123612,Light,activin A receptor type 1C,Q8NER5,130399,ACVR1C|ALK7|ACVRLK7,ALK7
HGNC:173,ACVR2A,ENSG00000121989,Light,activin A receptor type 2A,P27037,92,ACVR2A|ACTRII,ACTR2
HGNC:174,ACVR2B,ENSG00000114739,Light,activin A receptor type 2B,Q13705,93,ACVR2B|ActR-IIB,ACTR2B
HGNC:175,ACVRL1,ENSG00000139567,Light,activin A receptor like type 1,P37023,94,ACVRL1|HHT2|ALK1|HHT,ALK1
HGNC:19038,ADCK1,ENSG00000063761,Dark,aarF domain containing kinase 1,Q86TW2,57143,ADCK1|FLJ39600,ADCK1
HGNC:19039,ADCK2,ENSG00000133597,Dark,aarF domain containing kinase 2,Q7Z695,90956,ADCK2|MGC20727,ADCK2
HGNC:21738,ADCK5,ENSG00000173137,Dark,aarF domain containing kinase 5,Q3MIX3,203054,ADCK5|FLJ35454,ADCK5
HGNC:25250,ADPGK,ENSG00000159322,Light,ADP dependent glucokinase,Q9BRR6,83440,ADPGK|DKFZp434B195|ADP-GK,NA
HGNC:391,AKT1,ENSG00000142208,Light,AKT serine/threonine kinase 1,P31749,207,AKT1|RAC|PKB|PRKBA|AKT,AKT1
HGNC:392,AKT2,ENSG00000105221,Light,AKT serine/threonine kinase 2,P31751,208,AKT2,AKT2
HGNC:393,AKT3,ENSG00000117020,Light,AKT serine/threonine kinase 3,Q9Y243,10000,AKT3|PKBG|RAC-gamma|PRKBG,AKT3
HGNC:427,ALK,ENSG00000171094,Light,ALK receptor tyrosine kinase,Q9UM73,238,ALK|CD246,ALK
HGNC:20917,ALPK1,ENSG00000073331,Light,alpha kinase 1,Q96QP1,80216,ALPK1|Lak|FLJ22670|KIAA1527,AlphaK3
HGNC:20565,ALPK2,ENSG00000198796,Dark,alpha kinase 2,Q86TB3,115701,ALPK2|HAK,AlphaK2
HGNC:17574,ALPK3,ENSG00000136383,Dark,alpha kinase 3,Q96L96,57538,ALPK3|MAK|KIAA1330|Midori,AlphaK1
HGNC:465,AMHR2,ENSG00000135409,Light,anti-Mullerian hormone receptor type 2,Q16671,269,AMHR2|MISR2|MISRII,MISR2
HGNC:21027,ANKK1,ENSG00000170209,Light,ankyrin repeat and kinase domain containing 1,Q8NFD2,255239,ANKK1|X-kinase,SgK288
HGNC:646,ARAF,ENSG00000078061,Light,"A-Raf proto-oncogene, serine/threonine kinase",P10398,369,ARAF,ARAF
HGNC:795,ATM,ENSG00000149311,Light,ATM serine/threonine kinase,Q13315,472,ATM|TEL1|TELO1,ATM
HGNC:882,ATR,ENSG00000175054,Light,ATR serine/threonine kinase,Q13535,545,ATR|FRP1|SCKL|SCKL1|MEC1,ATR
HGNC:11393,AURKA,ENSG00000087586,Light,aurora kinase A,O14965,6790,AURKA|BTAK|AurA|STK7|ARK1|PPP1R47|AIK,AurA
HGNC:11390,AURKB,ENSG00000178999,Light,aurora kinase B,Q96GD4,9212,AURKB|Aik2|IPL1|AurB|AIM-1|ARK2|STK5|PPP1R48,AurB
HGNC:11391,AURKC,ENSG00000105146,Light,aurora kinase C,Q9UQB9,6795,AURKC|AurC|ARK3,AurC
HGNC:905,AXL,ENSG00000167601,Light,AXL receptor tyrosine kinase,P30530,558,AXL|UFO|JTK11|Tyro7|ARK,AXL
HGNC:960,BAZ1A,ENSG00000198604,Light,bromodomain adjacent to zinc finger domain 1A,Q9NRL2,11177,BAZ1A|hACF1|ACF1|WALp1|WCRF180,NA
HGNC:961,BAZ1B,ENSG00000009954,Light,bromodomain adjacent to zinc finger domain 1B,Q9UIG0,9031,BAZ1B|WSTF,NA
HGNC:16902,BCKDK,ENSG00000103507,Dark,branched chain keto acid dehydrogenase kinase,O14874,10295,BCKDK,BCKDK
HGNC:1014,BCR,ENSG00000186716,Light,BCR activator of RhoGEF and GTPase,P11274,613,BCR|D22S662|CML|PHL|ALL,BCR
HGNC:1057,BLK,ENSG00000136573,Light,"BLK proto-oncogene, Src family tyrosine kinase",P51451,640,BLK|MGC10442,BLK
HGNC:1062,BLVRA,ENSG00000106605,Light,biliverdin reductase A,P53004,644,BLVRA,NA
HGNC:18041,BMP2K,ENSG00000138756,Light,BMP2 inducible kinase,Q9NSY1,55589,BMP2K|DKFZp434K0614|BIKe,BIKE
HGNC:1076,BMPR1A,ENSG00000107779,Light,bone morphogenetic protein receptor type 1A,P36894,657,BMPR1A|ALK3|CD292,BMPR1A
HGNC:1077,BMPR1B,ENSG00000138696,Light,bone morphogenetic protein receptor type 1B,O00238,658,BMPR1B|ALK6|CDw293,BMPR1B
HGNC:1078,BMPR2,ENSG00000204217,Light,bone morphogenetic protein receptor type 2,Q13873,659,BMPR2|BRK-3|T-ALK|BMPR3|BMPR-II,BMPR2
HGNC:1079,BMX,ENSG00000102010,Light,BMX non-receptor tyrosine kinase,P51813,660,BMX|ETK|PSCTK3,BMX
HGNC:1097,BRAF,ENSG00000157764,Light,"B-Raf proto-oncogene, serine/threonine kinase",P15056,673,BRAF|BRAF1,BRAF
HGNC:1103,BRD2,ENSG00000204256,Light,bromodomain containing 2,P25440,6046,BRD2|KIAA9001|RING3|D6S113E|NAT|FSRG1,BRD2
HGNC:1104,BRD3,ENSG00000169925,Light,bromodomain containing 3,Q15059,8019,BRD3|RING3L|ORFX|KIAA0043,BRD3
HGNC:13575,BRD4,ENSG00000141867,Light,bromodomain containing 4,O60885,23476,BRD4|HUNKI|MCAP|CAP|HUNK1,BRD4
HGNC:1105,BRDT,ENSG00000137948,Light,bromodomain testis associated,Q58F21,676,BRDT|BRD6|CT9,BRDT
HGNC:18994,BRSK1,ENSG00000160469,Dark,BR serine/threonine kinase 1,Q8TDC3,84446,BRSK1|KIAA1811,BRSK1
HGNC:11405,BRSK2,ENSG00000174672,Dark,BR serine/threonine kinase 2,Q8IWQ3,9024,BRSK2|PEN11B,BRSK2
HGNC:1133,BTK,ENSG00000010671,Light,Bruton tyrosine kinase,Q06187,695,BTK|ATK|XLA|PSCTK1,BTK
HGNC:1148,BUB1,ENSG00000169679,Light,BUB1 mitotic checkpoint serine/threonine kinase,O43683,699,BUB1|hBUB1|BUB1A,BUB1
HGNC:1149,BUB1B,ENSG00000156970,Light,BUB1 mitotic checkpoint serine/threonine kinase B,O60566,701,BUB1B|BUBR1|MAD3L|Bub1A|SSK1,BUBR1
HGNC:52276,BUB1B-PAK6,ENSG00000259288,Light,BUB1B-PAK6 readthrough,,106821730,BUB1B-PAK6,NA
HGNC:48354,C8orf44-SGK3,ENSG00000270024,Light,C8orf44-SGK3 readthrough,,100533105,C8orf44-SGK3,NA
HGNC:1459,CAMK1,ENSG00000134072,Light,calcium/calmodulin dependent protein kinase I,Q14012,8536,CAMK1|CaMKI|CaMKI-alpha,CaMK1a
HGNC:19341,CAMK1D,ENSG00000183049,Dark,calcium/calmodulin dependent protein kinase ID,Q8IU85,57118,CAMK1D|CKLiK,CaMK1d
HGNC:14585,CAMK1G,ENSG00000008118,Dark,calcium/calmodulin dependent protein kinase IG,Q96NX5,57172,CAMK1G|VWS1|CLICKIII|dJ272L16.1,CaMK1g
HGNC:1460,CAMK2A,ENSG00000070808,Light,calcium/calmodulin dependent protein kinase II alpha,Q9UQM7,815,CAMK2A|KIAA0968|CaMKIINalpha,CaMK2a
HGNC:1461,CAMK2B,ENSG00000058404,Light,calcium/calmodulin dependent protein kinase II beta,Q13554,816,CAMK2B|CAM2|CAMK2,CaMK2b
HGNC:1462,CAMK2D,ENSG00000145349,Light,calcium/calmodulin dependent protein kinase II delta,Q13557,817,CAMK2D,CaMK2d
HGNC:1463,CAMK2G,ENSG00000148660,Light,calcium/calmodulin dependent protein kinase II gamma,Q13555,818,CAMK2G,CaMK2g
HGNC:1464,CAMK4,ENSG00000152495,Light,calcium/calmodulin dependent protein kinase IV,Q16566,814,CAMK4|CaMK-GR|CaMKIV,CaMK4
HGNC:1469,CAMKK1,ENSG00000004660,Dark,calcium/calmodulin dependent protein kinase kinase 1,Q8N5S9,84254,CAMKK1|DKFZp761M0423|CAMKKA|MGC34095,CaMKK1
HGNC:1470,CAMKK2,ENSG00000110931,Dark,calcium/calmodulin dependent protein kinase kinase 2,Q96RR4,10645,CAMKK2|CAMKK|KIAA0787|CAMKKB|MGC15254,CaMKK2
HGNC:28788,CAMKV,ENSG00000164076,Dark,CaM kinase like vesicle associated,Q8NCB2,79012,CAMKV|MGC8407|VACAMKL,VACAMKL
HGNC:1497,CASK,ENSG00000147044,Light,calcium/calmodulin dependent serine protein kinase,O14936,8573,CASK|LIN2|CAGH39|FGS4,CASK
HGNC:1745,CDC7,ENSG00000097046,Light,cell division cycle 7,O00311,8317,CDC7|Hsk1|huCdc7|HsCdc7,CDC7
HGNC:1737,CDC42BPA,ENSG00000143776,Dark,CDC42 binding protein kinase alpha,Q5VT25,8476,CDC42BPA|MRCKA|PK428|FLJ23347|KIAA0451|MRCK,MRCKa
HGNC:1738,CDC42BPB,ENSG00000198752,Dark,CDC42 binding protein kinase beta,Q9Y5S2,9578,CDC42BPB|MRCKB|KIAA1124,MRCKb
HGNC:29829,CDC42BPG,ENSG00000171219,Dark,CDC42 binding protein kinase gamma,Q6DT37,55561,CDC42BPG|HSMDPKIN|MRCKgamma|DMPK2|kappa-200,DMPK2
HGNC:1722,CDK1,ENSG00000170312,Light,cyclin dependent kinase 1,P06493,983,CDK1|CDC28A,CDC2
HGNC:1771,CDK2,ENSG00000123374,Light,cyclin dependent kinase 2,P24941,1017,CDK2,CDK2
HGNC:1772,CDK3,ENSG00000250506,Light,cyclin dependent kinase 3,Q00526,1018,CDK3,CDK3
HGNC:1773,CDK4,ENSG00000135446,Light,cyclin dependent kinase 4,P11802,1019,CDK4|PSK-J3,CDK4
HGNC:1774,CDK5,ENSG00000164885,Light,cyclin dependent kinase 5,Q00535,1020,CDK5|PSSALRE,CDK5
HGNC:1777,CDK6,ENSG00000105810,Light,cyclin dependent kinase 6,Q00534,1021,CDK6|PLSTIRE,CDK6
HGNC:1778,CDK7,ENSG00000134058,Light,cyclin dependent kinase 7,P50613,1022,CDK7|CAK1|CDKN7|MO15|STK1|CAK,CDK7
HGNC:1779,CDK8,ENSG00000132964,Light,cyclin dependent kinase 8,P49336,1024,CDK8|K35,CDK8
HGNC:1780,CDK9,ENSG00000136807,Light,cyclin dependent kinase 9,P50750,1025,CDK9|PITALRE|C-2k|TAK,CDK9
HGNC:1770,CDK10,ENSG00000185324,Dark,cyclin dependent kinase 10,Q15131,8558,CDK10|PISSLRE,CDK10
HGNC:1730,CDK11A,ENSG00000008128,Dark,cyclin dependent kinase 11A,Q9UQ88,728642,CDK11A|PITSLRE|CDK11-p110|CDK11-p58|CDK11-p46|p58GTA,PITSLRE
HGNC:1729,CDK11B,ENSG00000248333,Dark,cyclin dependent kinase 11B,P21127,984,CDK11B|CDK11-p110|CDK11-p58|CDK11-p46,NA
HGNC:24224,CDK12,ENSG00000167258,Dark,cyclin dependent kinase 12,Q9NYV4,51755,CDK12|CRK7|CRKR|KIAA0904,CRK7
HGNC:1733,CDK13,ENSG00000065883,Dark,cyclin dependent kinase 13,Q14004,8621,CDK13|CHED|CDC2L|KIAA1791,CHED
HGNC:8883,CDK14,ENSG00000058091,Dark,cyclin dependent kinase 14,O94921,5218,CDK14|PFTAIRE1,PFTAIRE1
HGNC:14434,CDK15,ENSG00000138395,Dark,cyclin dependent kinase 15,Q96Q40,65061,CDK15|PFTAIRE2,PFTAIRE2
HGNC:8749,CDK16,ENSG00000102225,Dark,cyclin dependent kinase 16,Q00536,5127,CDK16|PCTAIRE|PCTAIRE1|PCTGAIRE|FLJ16665,PCTAIRE1
HGNC:8750,CDK17,ENSG00000059758,Dark,cyclin dependent kinase 17,Q00537,5128,CDK17|PCTAIRE2,PCTAIRE2
HGNC:8751,CDK18,ENSG00000117266,Dark,cyclin dependent kinase 18,Q07002,5129,CDK18|PCTAIRE3,PCTAIRE3
HGNC:19338,CDK19,ENSG00000155111,Dark,cyclin dependent kinase 19,Q9BWU1,23097,CDK19|KIAA1028|bA346C16.3,CDK11
HGNC:21420,CDK20,ENSG00000156345,Dark,cyclin dependent kinase 20,Q8IZL9,23552,CDK20|p42,CCRK
HGNC:1781,CDKL1,ENSG00000100490,Dark,cyclin dependent kinase like 1,Q00532,8814,CDKL1|KKIALRE,CDKL1
HGNC:1782,CDKL2,ENSG00000138769,Dark,cyclin dependent kinase like 2,Q92772,8999,CDKL2|P56|KKIAMRE,CDKL2
HGNC:15483,CDKL3,ENSG00000006837,Dark,cyclin dependent kinase like 3,Q8IVW4,51265,CDKL3|NKIAMRE,CDKL3
HGNC:19287,CDKL4,ENSG00000205111,Dark,cyclin dependent kinase like 4,Q5MAI5,344387,CDKL4,CDKL4
HGNC:11411,CDKL5,ENSG00000008086,Dark,cyclin dependent kinase like 5,O76039,6792,CDKL5|EIEE2|CFAP247,CDKL5
HGNC:1925,CHEK1,ENSG00000149554,Light,checkpoint kinase 1,O14757,1111,CHEK1|CHK1,CHK1
HGNC:16627,CHEK2,ENSG00000183765,Light,checkpoint kinase 2,O96017,11200,CHEK2|CDS1|CHK2|HuCds1|PP1425|bA444G7,CHK2
HGNC:1974,CHUK,ENSG00000213341,Light,component of inhibitor of nuclear factor kappa B kinase complex,O15111,1147,CHUK|IKK1|IKK-alpha|IkBKA|NFKBIKA|IKKA,IKKa
HGNC:1985,CIT,ENSG00000122966,Light,citron rho-interacting serine/threonine kinase,O14578,11113,CIT|KIAA0949|STK21|CRIK|CITK,CRIK
HGNC:1991,CKB,ENSG00000166165,Light,creatine kinase B,P12277,1152,CKB,NA
HGNC:1994,CKM,ENSG00000104879,Light,"creatine kinase, M-type",P06732,1158,CKM,NA
HGNC:31736,CKMT1A,ENSG00000223572,Light,"creatine kinase, mitochondrial 1A",P12532,548596,CKMT1A,NA
HGNC:1995,CKMT1B,ENSG00000237289,Light,"creatine kinase, mitochondrial 1B",P12532,1159,CKMT1B|UMTCK,NA
HGNC:1996,CKMT2,ENSG00000131730,Light,"creatine kinase, mitochondrial 2",P17540,1160,CKMT2|SMTCK,NA
HGNC:2068,CLK1,ENSG00000013441,Light,CDC like kinase 1,P49759,1195,CLK1,CLK1
HGNC:2069,CLK2,ENSG00000176444,Light,CDC like kinase 2,P49760,1196,CLK2|clk2,CLK2
HGNC:2071,CLK3,ENSG00000179335,Dark,CDC like kinase 3,P49761,1198,CLK3|clk3,CLK3
HGNC:13659,CLK4,ENSG00000113240,Dark,CDC like kinase 4,Q9HAZ1,57396,CLK4,CLK4
HGNC:2205,COL4A3BP,ENSG00000113163,Light,collagen type IV alpha 3 binding protein,Q9Y5P4,10087,COL4A3BP|GPBP|STARD11|CERT,NA
HGNC:16812,COQ8A,ENSG00000163050,Dark,coenzyme Q8A,Q8NI60,56997,COQ8A|COQ8|SCAR9,ADCK3
HGNC:19041,COQ8B,ENSG00000123815,Dark,coenzyme Q8B,Q96D53,79934,COQ8B|FLJ12229|COQ8,ADCK4
HGNC:2433,CSF1R,ENSG00000182578,Light,colony stimulating factor 1 receptor,P07333,1436,CSF1R|C-FMS|CSFR|CD115,FMS
HGNC:2444,CSK,ENSG00000103653,Light,C-terminal Src kinase,P41240,1445,CSK,CSK
HGNC:2451,CSNK1A1,ENSG00000113712,Light,casein kinase 1 alpha 1,P48729,1452,CSNK1A1|CK1|CK1a|CK1alpha|CKIa|CKIalpha,CK1a
HGNC:20289,CSNK1A1L,ENSG00000180138,Dark,casein kinase 1 alpha 1 like,Q8N752,122011,CSNK1A1L|MGC33182,CK1a2
HGNC:2452,CSNK1D,ENSG00000141551,Light,casein kinase 1 delta,P48730,1453,CSNK1D|HCKID|CKID|CKIdelta,CK1d
HGNC:2453,CSNK1E,ENSG00000213923,Light,casein kinase 1 epsilon,P49674,1454,CSNK1E|HCKIE|CKIE|CKIepsilon,CK1e
HGNC:2454,CSNK1G1,ENSG00000169118,Dark,casein kinase 1 gamma 1,Q9HCP0,53944,CSNK1G1|CK1gamma1,CK1g1
HGNC:2455,CSNK1G2,ENSG00000133275,Dark,casein kinase 1 gamma 2,P78368,1455,CSNK1G2|CK1g2,CK1g2
HGNC:2456,CSNK1G3,ENSG00000151292,Dark,casein kinase 1 gamma 3,Q9Y6M4,1456,CSNK1G3,CK1g3
HGNC:2457,CSNK2A1,ENSG00000101266,Light,casein kinase 2 alpha 1,P68400,1457,CSNK2A1|Cka1|Cka2,CK2a1
HGNC:2459,CSNK2A2,ENSG00000070770,Dark,casein kinase 2 alpha 2,P19784,1459,CSNK2A2|CSNK2A1|CK2alpha',CK2a2
HGNC:2458,CSNK2A3,ENSG00000254598,Dark,casein kinase 2 alpha 3,Q8NEV1,283106,CSNK2A3,NA
HGNC:2674,DAPK1,ENSG00000196730,Light,death associated protein kinase 1,P53355,1612,DAPK1|DAPK|ROCO3,DAPK1
HGNC:2675,DAPK2,ENSG00000035664,Light,death associated protein kinase 2,Q9UIK4,23604,DAPK2|DRP-1|MGC119312,DAPK2
HGNC:2676,DAPK3,ENSG00000167657,Light,death associated protein kinase 3,O43293,1613,DAPK3|ZIP|ZIPK,DAPK3
HGNC:2700,DCLK1,ENSG00000133083,Light,doublecortin like kinase 1,O15075,9201,DCLK1|KIAA0369|DCLK|DCDC3A,DCLK1
HGNC:19002,DCLK2,ENSG00000170390,Light,doublecortin like kinase 2,Q8N568,166614,DCLK2|MGC45428|DCDC3|DCDC3B|DCK2,DCLK2
HGNC:19005,DCLK3,ENSG00000163673,Dark,doublecortin like kinase 3,Q9C098,85443,DCLK3|KIAA1765|DCDC3C,DCLK3
HGNC:2730,DDR1,ENSG00000204580,Light,discoidin domain receptor tyrosine kinase 1,Q08345,780,DDR1|RTK6|CD167,DDR1
HGNC:2731,DDR2,ENSG00000162733,Light,discoidin domain receptor tyrosine kinase 2,Q16832,4921,DDR2|TKT,DDR2
HGNC:2849,DGKA,ENSG00000065357,Light,diacylglycerol kinase alpha,P23743,1606,DGKA|DGK-alpha,NA
HGNC:2850,DGKB,ENSG00000136267,Light,diacylglycerol kinase beta,Q9Y6T7,1607,DGKB|KIAA0718|DGK|DGK-BETA,NA
HGNC:2851,DGKD,ENSG00000077044,Light,diacylglycerol kinase delta,Q16760,8527,DGKD|KIAA0145|DGKdelta,NA
HGNC:2852,DGKE,ENSG00000153933,Light,diacylglycerol kinase epsilon,P52429,8526,DGKE|DAGK6|DGK,NA
HGNC:2853,DGKG,ENSG00000058866,Light,diacylglycerol kinase gamma,P49619,1608,DGKG,NA
HGNC:2854,DGKH,ENSG00000102780,Light,diacylglycerol kinase eta,Q86XP1,160851,DGKH|DGKeta,NA
HGNC:2855,DGKI,ENSG00000157680,Light,diacylglycerol kinase iota,O75912,9162,DGKI|DGK-IOTA,NA
HGNC:32395,DGKK,ENSG00000274588,Light,diacylglycerol kinase kappa,Q5KSL6,139189,DGKK,NA
HGNC:2856,DGKQ,ENSG00000145214,Light,diacylglycerol kinase theta,P52824,1609,DGKQ|DAGK|DAGK7,NA
HGNC:2857,DGKZ,ENSG00000149091,Light,diacylglycerol kinase zeta,Q13574,8525,DGKZ|DAGK5|hDGKzeta|DGK-ZETA|DAGK6,NA
HGNC:2933,DMPK,ENSG00000104936,Light,DM1 protein kinase,Q09013,1760,DMPK|DMK|DM1PK|MDPK|MT-PK,DMPK1
HGNC:29043,DSTYK,ENSG00000133059,Dark,dual serine/threonine and tyrosine protein kinase,Q6XUX3,25778,DSTYK|KIAA0472|DustyPK|RIP5,SgK496
HGNC:3091,DYRK1A,ENSG00000157540,Light,dual specificity tyrosine phosphorylation regulated kinase 1A,Q13627,1859,DYRK1A,DYRK1A
HGNC:3092,DYRK1B,ENSG00000105204,Dark,dual specificity tyrosine phosphorylation regulated kinase 1B,Q9Y463,9149,DYRK1B|MIRK,DYRK1B
HGNC:3093,DYRK2,ENSG00000127334,Dark,dual specificity tyrosine phosphorylation regulated kinase 2,Q92630,8445,DYRK2,DYRK2
HGNC:3094,DYRK3,ENSG00000143479,Dark,dual specificity tyrosine phosphorylation regulated kinase 3,O43781,8444,DYRK3|RED|REDK|hYAK3-2,DYRK3
HGNC:3095,DYRK4,ENSG00000010219,Dark,dual specificity tyrosine phosphorylation regulated kinase 4,Q9NR20,8798,DYRK4,DYRK4
HGNC:24615,EEF2K,ENSG00000103319,Dark,eukaryotic elongation factor 2 kinase,O00418,29904,EEF2K|eEF-2K|CaMKIII,eEF2K
HGNC:3236,EGFR,ENSG00000146648,Light,epidermal growth factor receptor,P00533,1956,EGFR|ERBB1,EGFR
HGNC:24921,EIF2AK1,ENSG00000086232,Light,eukaryotic translation initiation factor 2 alpha kinase 1,Q9BQI3,27102,EIF2AK1|HRI|KIAA1369,HRI
HGNC:9437,EIF2AK2,ENSG00000055332,Light,eukaryotic translation initiation factor 2 alpha kinase 2,P19525,5610,EIF2AK2|PKR|EIF2AK1|PPP1R83,PKR
HGNC:3255,EIF2AK3,ENSG00000172071,Light,eukaryotic translation initiation factor 2 alpha kinase 3,Q9NZJ5,9451,EIF2AK3|PEK|PERK,PEK
HGNC:19687,EIF2AK4,ENSG00000128829,Light,eukaryotic translation initiation factor 2 alpha kinase 4,Q9P2K8,440275,EIF2AK4|GCN2|KIAA1338,GCN2
HGNC:3385,EPHA1,ENSG00000146904,Light,EPH receptor A1,P21709,2041,EPHA1|EPH,EphA1
HGNC:3386,EPHA2,ENSG00000142627,Light,EPH receptor A2,P29317,1969,EPHA2,EphA2
HGNC:3387,EPHA3,ENSG00000044524,Light,EPH receptor A3,P29320,2042,EPHA3|HEK|HEK4,EphA3
HGNC:3388,EPHA4,ENSG00000116106,Light,EPH receptor A4,P54764,2043,EPHA4|Hek8,EphA4
HGNC:3389,EPHA5,ENSG00000145242,Light,EPH receptor A5,P54756,2044,EPHA5|Hek7|TYRO4|CEK7|EHK1,EphA5
HGNC:19296,EPHA6,ENSG00000080224,Light,EPH receptor A6,Q9UF33,285220,EPHA6|FLJ35246,EphA6
HGNC:3390,EPHA7,ENSG00000135333,Light,EPH receptor A7,Q15375,2045,EPHA7|Hek11,EphA7
HGNC:3391,EPHA8,ENSG00000070886,Light,EPH receptor A8,P29322,2046,EPHA8|Hek3,EphA8
HGNC:19987,EPHA10,ENSG00000183317,Light,EPH receptor A10,Q5JZY3,284656,EPHA10|FLJ16103|FLJ33655,EphA10
HGNC:3392,EPHB1,ENSG00000154928,Light,EPH receptor B1,P54762,2047,EPHB1|Hek6,EphB1
HGNC:3393,EPHB2,ENSG00000133216,Light,EPH receptor B2,P29323,2048,EPHB2|Hek5|Tyro5,EphB2
HGNC:3394,EPHB3,ENSG00000182580,Light,EPH receptor B3,P54753,2049,EPHB3|Hek2|Tyro6,EphB3
HGNC:3395,EPHB4,ENSG00000196411,Light,EPH receptor B4,P54760,2050,EPHB4|Tyro11,EphB4
HGNC:3396,EPHB6,ENSG00000106123,Light,EPH receptor B6,O15197,2051,EPHB6|HEP,EphB6
HGNC:3430,ERBB2,ENSG00000141736,Light,erb-b2 receptor tyrosine kinase 2,P04626,2064,ERBB2|NEU|HER-2|CD340|HER2,ErbB2
HGNC:3431,ERBB3,ENSG00000065361,Light,erb-b2 receptor tyrosine kinase 3,P21860,2065,ERBB3|HER3,ErbB3
HGNC:3432,ERBB4,ENSG00000178568,Light,erb-b2 receptor tyrosine kinase 4,Q15303,2066,ERBB4|ALS19|HER4,ErbB4
HGNC:3449,ERN1,ENSG00000178607,Light,endoplasmic reticulum to nucleus signaling 1,O75460,2081,ERN1|IRE1|IRE1P,IRE1
HGNC:16942,ERN2,ENSG00000134398,Dark,endoplasmic reticulum to nucleus signaling 2,Q76MJ5,10595,ERN2|IRE1b,IRE2
HGNC:24676,FASTK,ENSG00000164896,Light,Fas activated serine/threonine kinase,Q14296,10922,FASTK|FAST,FASTK
HGNC:26150,FASTKD1,ENSG00000138399,Light,FAST kinase domains 1,Q53R41,79675,FASTKD1|FLJ21901,NA
HGNC:29160,FASTKD2,ENSG00000118246,Light,FAST kinase domains 2,Q9NYY8,22868,FASTKD2,NA
HGNC:28758,FASTKD3,ENSG00000124279,Light,FAST kinase domains 3,Q14CZ7,79072,FASTKD3|MGC5297|FLJ23274,NA
HGNC:25790,FASTKD5,ENSG00000215251,Light,FAST kinase domains 5,Q7L8L6,60493,FASTKD5|FLJ13149,NA
HGNC:3655,FER,ENSG00000151422,Light,FER tyrosine kinase,P16591,2241,FER|TYK3|PPP1R74,FER
HGNC:3657,FES,ENSG00000182511,Light,"FES proto-oncogene, tyrosine kinase",P07332,2242,FES|FPS,FES
HGNC:3688,FGFR1,ENSG00000077782,Light,fibroblast growth factor receptor 1,P11362,2260,FGFR1|H2|H3|H4|H5|CEK|FLG|BFGFR|N-SAM|CD331,FGFR1
HGNC:3689,FGFR2,ENSG00000066468,Light,fibroblast growth factor receptor 2,P21802,2263,FGFR2|CEK3|TK14|TK25|ECT1|K-SAM|CD332,FGFR2
HGNC:3690,FGFR3,ENSG00000068078,Light,fibroblast growth factor receptor 3,P22607,2261,FGFR3|CEK2|JTK4|CD333,FGFR3
HGNC:3691,FGFR4,ENSG00000160867,Light,fibroblast growth factor receptor 4,P22455,2264,FGFR4|JTK2|CD334,FGFR4
HGNC:3697,FGR,ENSG00000000938,Light,"FGR proto-oncogene, Src family tyrosine kinase",P09769,2268,FGR|c-fgr|p55c-fgr,FGR
HGNC:3763,FLT1,ENSG00000102755,Light,fms related tyrosine kinase 1,P17948,2321,FLT1|VEGFR1,FLT1
HGNC:3765,FLT3,ENSG00000122025,Light,fms related tyrosine kinase 3,P36888,2322,FLT3|STK1|FLK2|CD135,FLT3
HGNC:3767,FLT4,ENSG00000037280,Light,fms related tyrosine kinase 4,P35916,2324,FLT4|VEGFR3|PCL,FLT4
HGNC:42952,FPGT-TNNI3K,ENSG00000259030,Light,FPGT-TNNI3K readthrough,,100526835,FPGT-TNNI3K,NA
HGNC:3955,FRK,ENSG00000111816,Light,fyn related Src family tyrosine kinase,P42685,2444,FRK|RAK|GTK,FRK
HGNC:4037,FYN,ENSG00000010810,Light,"FYN proto-oncogene, Src family tyrosine kinase",P06241,2534,FYN|SYN|SLK|MGC45350,FYN
HGNC:4113,GAK,ENSG00000178950,Light,cyclin G associated kinase,O14976,2580,GAK|DNAJC26,GAK
HGNC:4195,GCK,ENSG00000106633,Light,glucokinase,P35557,2645,GCK|HK4,NA
HGNC:10013,GRK1,ENSG00000185974,Light,G protein-coupled receptor kinase 1,Q15835,6011,GRK1|GPRK1|RK,RHOK
HGNC:289,GRK2,ENSG00000173020,Light,G protein-coupled receptor kinase 2,P25098,156,GRK2|BARK1,BARK1
HGNC:290,GRK3,ENSG00000100077,Light,G protein-coupled receptor kinase 3,P35626,157,GRK3|BARK2,BARK2
HGNC:4543,GRK4,ENSG00000125388,Light,G protein-coupled receptor kinase 4,P32298,2868,GRK4|GPRK4,GPRK4
HGNC:4544,GRK5,ENSG00000198873,Light,G protein-coupled receptor kinase 5,P34947,2869,GRK5,GPRK5
HGNC:4545,GRK6,ENSG00000198055,Light,G protein-coupled receptor kinase 6,P43250,2870,GRK6,GPRK6
HGNC:17031,GRK7,ENSG00000114124,Light,G protein-coupled receptor kinase 7,Q8WTQ7,131890,GRK7,GPRK7
HGNC:4616,GSK3A,ENSG00000105723,Light,glycogen synthase kinase 3 alpha,P49840,2931,GSK3A,GSK3A
HGNC:4617,GSK3B,ENSG00000082701,Light,glycogen synthase kinase 3 beta,P49841,2932,GSK3B,GSK3B
HGNC:4652,GTF2F1,ENSG00000125651,Light,general transcription factor IIF subunit 1,P35269,2962,GTF2F1|TFIIF|BTF4|RAP74|TF2F1,NA
HGNC:4688,GUCY2C,ENSG00000070019,Light,guanylate cyclase 2C,P25092,2984,GUCY2C|STAR,HSER
HGNC:4689,GUCY2D,ENSG00000132518,Light,"guanylate cyclase 2D, retinal",Q02846,3000,GUCY2D|retGC|RETGC-1|ROS-GC1|CYGD|LCA1,CYGD
HGNC:4691,GUCY2F,ENSG00000101890,Light,"guanylate cyclase 2F, retinal",P51841,2986,GUCY2F|GUC2DL|GC-F|RetGC-2|ROS-GC2|CYGF,CYGF
HGNC:19682,HASPIN,ENSG00000177602,Light,histone H3 associated protein kinase,Q8TF76,83903,HASPIN,Haspin
HGNC:4840,HCK,ENSG00000101336,Light,"HCK proto-oncogene, Src family tyrosine kinase",P08631,3055,HCK|JTK9,HCK
HGNC:19006,HIPK1,ENSG00000163349,Dark,homeodomain interacting protein kinase 1,Q86Z02,204851,HIPK1|KIAA0630|Myak|MGC26642|Nbak2|MGC33446|MGC33548,HIPK1
HGNC:14402,HIPK2,ENSG00000064393,Light,homeodomain interacting protein kinase 2,Q9H2X6,28996,HIPK2,HIPK2
HGNC:4915,HIPK3,ENSG00000110422,Dark,homeodomain interacting protein kinase 3,Q9H422,10114,HIPK3|PKY|DYRK6|YAK1|FIST3,HIPK3
HGNC:19007,HIPK4,ENSG00000160396,Dark,homeodomain interacting protein kinase 4,Q8NE63,147746,HIPK4|FLJ32818,HIPK4
HGNC:4922,HK1,ENSG00000156515,Light,hexokinase 1,P19367,3098,HK1,NA
HGNC:4923,HK2,ENSG00000159399,Light,hexokinase 2,P52789,3099,HK2,NA
HGNC:4925,HK3,ENSG00000160883,Light,hexokinase 3,P52790,3101,HK3,NA
HGNC:23302,HKDC1,ENSG00000156510,Light,hexokinase domain containing 1,Q2TB90,80201,HKDC1|FLJ37767|FLJ22761,NA
HGNC:30171,HSPB8,ENSG00000152137,Light,heat shock protein family B (small) member 8,Q9UJY1,26353,HSPB8|H11|E2IG1|HSP22|HspB8|CMT2L,H11
HGNC:13326,HUNK,ENSG00000142149,Light,hormonally up-regulated Neu-associated kinase,P57058,30811,HUNK,HUNK
HGNC:21219,ICK,ENSG00000112144,Dark,intestinal cell kinase,Q9UPZ9,22858,ICK|MRK|LCK2|KIAA0936|MGC46090,ICK
HGNC:5465,IGF1R,ENSG00000140443,Light,insulin like growth factor 1 receptor,P08069,3480,IGF1R|JTK13|CD221|IGFIR|MGC18216|IGFR,IGF1R
HGNC:5960,IKBKB,ENSG00000104365,Light,inhibitor of nuclear factor kappa B kinase subunit beta,O14920,3551,IKBKB|IKK2|NFKBIKB|IKK-beta|IKKB,IKKb
HGNC:14552,IKBKE,ENSG00000263528,Light,inhibitor of nuclear factor kappa B kinase subunit epsilon,Q14164,9641,IKBKE|IKKE|IKK-i|KIAA0151,IKKe
HGNC:6040,ILK,ENSG00000166333,Light,integrin linked kinase,Q13418,3611,ILK,ILK
HGNC:6091,INSR,ENSG00000171105,Light,insulin receptor,P06213,3643,INSR|CD220,INSR
HGNC:6093,INSRR,ENSG00000027644,Light,insulin receptor related receptor,P14616,3645,INSRR|IRR,IRR
HGNC:6112,IRAK1,ENSG00000184216,Light,interleukin 1 receptor associated kinase 1,P51617,3654,IRAK1|IRAK|pelle,IRAK1
HGNC:6113,IRAK2,ENSG00000134070,Light,interleukin 1 receptor associated kinase 2,O43187,3656,IRAK2,IRAK2
HGNC:17020,IRAK3,ENSG00000090376,Light,interleukin 1 receptor associated kinase 3,Q9Y616,11213,IRAK3|IRAK-M,IRAK3
HGNC:17967,IRAK4,ENSG00000198001,Light,interleukin 1 receptor associated kinase 4,Q9NWZ3,51135,IRAK4|NY-REN-64,IRAK4
HGNC:6171,ITK,ENSG00000113263,Light,IL2 inducible T cell kinase,Q08881,3702,ITK|EMT|PSCTK2|LYK,ITK
HGNC:6190,JAK1,ENSG00000162434,Light,Janus kinase 1,P23458,3716,JAK1|JAK1A|JTK3,JAK1
HGNC:6192,JAK2,ENSG00000096968,Light,Janus kinase 2,O60674,3717,JAK2|JTK10,JAK2
HGNC:6193,JAK3,ENSG00000105639,Light,Janus kinase 3,P52333,3718,JAK3|L-JAK|JAKL|LJAK|JAK3_HUMAN|JAK-3,JAK3
HGNC:4814,KALRN,ENSG00000160145,Light,kalirin RhoGEF kinase,O60229,8997,KALRN|duo|Hs.8004|TRAD|DUET|Kalirin|ARHGEF24,Trad
HGNC:6307,KDR,ENSG00000128052,Light,kinase insert domain receptor,P35968,3791,KDR|FLK1|VEGFR|VEGFR2|CD309,KDR
HGNC:6342,KIT,ENSG00000157404,Light,"KIT proto-oncogene, receptor tyrosine kinase",P10721,3815,KIT|CD117|SCFR|C-Kit,KIT
HGNC:6465,KSR1,ENSG00000141068,Light,kinase suppressor of ras 1,Q8IVT5,8844,KSR1|RSU2,KSR1
HGNC:18610,KSR2,ENSG00000171435,Light,kinase suppressor of ras 2,Q6VAB6,283455,KSR2|FLJ25965,KSR2
HGNC:6514,LATS1,ENSG00000131023,Light,large tumor suppressor kinase 1,O95835,9113,LATS1|WARTS,LATS1
HGNC:6515,LATS2,ENSG00000150457,Light,large tumor suppressor kinase 2,Q9NRM7,26524,LATS2,LATS2
HGNC:6524,LCK,ENSG00000182866,Light,"LCK proto-oncogene, Src family tyrosine kinase",P06239,3932,LCK,LCK
HGNC:6613,LIMK1,ENSG00000106683,Light,LIM domain kinase 1,P53667,3984,LIMK1|LIMK,LIMK1
HGNC:6614,LIMK2,ENSG00000182541,Light,LIM domain kinase 2,P53671,3985,LIMK2,LIMK2
HGNC:17880,LMTK2,ENSG00000164715,Dark,lemur tyrosine kinase 2,Q8IWU2,22853,LMTK2|KIAA1079|KPI2|KPI-2|cprk|LMR2|BREK|AATYK2|PPP1R100,LMR2
HGNC:19295,LMTK3,ENSG00000142235,Dark,lemur tyrosine kinase 3,Q96Q04,114783,LMTK3|KIAA1883|LMR3|TYKLM3|PPP1R101,LMR3
HGNC:18608,LRRK1,ENSG00000154237,Dark,leucine rich repeat kinase 1,Q38SD2,79705,LRRK1|FLJ23119|KIAA1790|Roco1|RIPK6,LRRK1
HGNC:18618,LRRK2,ENSG00000188906,Light,leucine rich repeat kinase 2,Q5S007,120892,LRRK2|ROCO2|DKFZp434H2111|FLJ45829|RIPK7,LRRK2
HGNC:6721,LTK,ENSG00000062524,Dark,leukocyte receptor tyrosine kinase,P29376,4058,LTK|TYK1,LTK
HGNC:6735,LYN,ENSG00000254087,Light,"LYN proto-oncogene, Src family tyrosine kinase",P07948,4067,LYN|JTK8,LYN
HGNC:6816,MAK,ENSG00000111837,Light,male germ cell associated kinase,P20794,4117,MAK|dJ417M14.2|RP62,MAK
HGNC:6840,MAP2K1,ENSG00000169032,Light,mitogen-activated protein kinase kinase 1,Q02750,5604,MAP2K1|MEK1|MAPKK1,MAP2K1
HGNC:6842,MAP2K2,ENSG00000126934,Light,mitogen-activated protein kinase kinase 2,P36507,5605,MAP2K2|MEK2,MAP2K2
HGNC:6843,MAP2K3,ENSG00000034152,Light,mitogen-activated protein kinase kinase 3,P46734,5606,MAP2K3|MEK3|MKK3|MAPKK3,MAP2K3
HGNC:6844,MAP2K4,ENSG00000065559,Light,mitogen-activated protein kinase kinase 4,P45985,6416,MAP2K4|MEK4|JNKK1|PRKMK4|MKK4,MAP2K4
HGNC:6845,MAP2K5,ENSG00000137764,Light,mitogen-activated protein kinase kinase 5,Q13163,5607,MAP2K5|MEK5|MAPKK5|HsT17454,MAP2K5
HGNC:6846,MAP2K6,ENSG00000108984,Light,mitogen-activated protein kinase kinase 6,P52564,5608,MAP2K6|MEK6|MKK6|SAPKK3|MAPKK6,MAP2K6
HGNC:6847,MAP2K7,ENSG00000076984,Light,mitogen-activated protein kinase kinase 7,O14733,5609,MAP2K7|MKK7|Jnkk2,MAP2K7
HGNC:6848,MAP3K1,ENSG00000095015,Light,mitogen-activated protein kinase kinase kinase 1,Q13233,4214,MAP3K1|MEKK|MAPKKK1,MAP3K1
HGNC:6854,MAP3K2,ENSG00000169967,Light,mitogen-activated protein kinase kinase kinase 2,Q9Y2U5,10746,MAP3K2|MEKK2B,MAP3K2
HGNC:6855,MAP3K3,ENSG00000198909,Light,mitogen-activated protein kinase kinase kinase 3,Q99759,4215,MAP3K3|MAPKKK3,MAP3K3
HGNC:6856,MAP3K4,ENSG00000085511,Light,mitogen-activated protein kinase kinase kinase 4,Q9Y6R4,4216,MAP3K4|MTK1|MAPKKK4|KIAA0213,MAP3K4
HGNC:6857,MAP3K5,ENSG00000197442,Light,mitogen-activated protein kinase kinase kinase 5,Q99683,4217,MAP3K5|MAPKKK5|ASK1,MAP3K5
HGNC:6858,MAP3K6,ENSG00000142733,Light,mitogen-activated protein kinase kinase kinase 6,O95382,9064,MAP3K6|MAPKKK6|ASK2|MEKK6,MAP3K6
HGNC:6859,MAP3K7,ENSG00000135341,Light,mitogen-activated protein kinase kinase kinase 7,O43318,6885,MAP3K7|MEKK7,TAK1
HGNC:6860,MAP3K8,ENSG00000107968,Light,mitogen-activated protein kinase kinase kinase 8,P41279,1326,MAP3K8|Tpl-2|EST|c-COT|MEKK8,COT
HGNC:6861,MAP3K9,ENSG00000006432,Light,mitogen-activated protein kinase kinase kinase 9,P80192,4293,MAP3K9|PRKE1|MEKK9,MLK1
HGNC:6849,MAP3K10,ENSG00000130758,Dark,mitogen-activated protein kinase kinase kinase 10,Q02779,4294,MAP3K10|MST|MEKK10,MLK2
HGNC:6850,MAP3K11,ENSG00000173327,Light,mitogen-activated protein kinase kinase kinase 11,Q16584,4296,MAP3K11|SPRK|MEKK11,MLK3
HGNC:6851,MAP3K12,ENSG00000139625,Light,mitogen-activated protein kinase kinase kinase 12,Q12852,7786,MAP3K12|MUK|DLK|ZPKP1|MEKK12,DLK
HGNC:6852,MAP3K13,ENSG00000073803,Light,mitogen-activated protein kinase kinase kinase 13,O43283,9175,MAP3K13|LZK|MEKK13,LZK
HGNC:6853,MAP3K14,ENSG00000006062,Dark,mitogen-activated protein kinase kinase kinase 14,Q99558,9020,MAP3K14|NIK|HSNIK|FTDCR1B|HS,NIK
HGNC:31689,MAP3K15,ENSG00000180815,Dark,mitogen-activated protein kinase kinase kinase 15,Q6ZN16,389840,MAP3K15|bA723P2.3|FLJ16518|ASK3,MAP3K7
HGNC:26249,MAP3K19,ENSG00000176601,Light,mitogen-activated protein kinase kinase kinase 19,Q56UN5,80122,MAP3K19|FLJ23074|RCK,MAP3K8
HGNC:17797,MAP3K20,ENSG00000091436,Light,mitogen-activated protein kinase kinase kinase 20,Q9NYL2,51776,MAP3K20|MLTKalpha|MLTKbeta|ZAK|MLTK|MLK7|MRK,ZAK
HGNC:29798,MAP3K21,ENSG00000143674,Dark,mitogen-activated protein kinase kinase kinase 21,Q5TCX8,84451,MAP3K21|KIAA1804|MLK4,MLK4
HGNC:6863,MAP4K1,ENSG00000104814,Light,mitogen-activated protein kinase kinase kinase kinase 1,Q92918,11184,MAP4K1|HPK1,HPK1
HGNC:6864,MAP4K2,ENSG00000168067,Light,mitogen-activated protein kinase kinase kinase kinase 2,Q12851,5871,MAP4K2|GCK|BL44,GCK
HGNC:6865,MAP4K3,ENSG00000011566,Light,mitogen-activated protein kinase kinase kinase kinase 3,Q8IVH8,8491,MAP4K3|GLK|MAPKKKK3,KHS2
HGNC:6866,MAP4K4,ENSG00000071054,Light,mitogen-activated protein kinase kinase kinase kinase 4,O95819,9448,MAP4K4|HGK|NIK|FLH21957,HGK
HGNC:6867,MAP4K5,ENSG00000012983,Light,mitogen-activated protein kinase kinase kinase kinase 5,Q9Y4K4,11183,MAP4K5|KHS1|GCKR|KHS,KHS1
HGNC:6871,MAPK1,ENSG00000100030,Light,mitogen-activated protein kinase 1,P28482,5594,MAPK1|ERK|ERK2|p41mapk|MAPK2,Erk2
HGNC:6877,MAPK3,ENSG00000102882,Light,mitogen-activated protein kinase 3,P27361,5595,MAPK3|ERK1|p44mapk|p44erk1,Erk1
HGNC:6878,MAPK4,ENSG00000141639,Dark,mitogen-activated protein kinase 4,P31152,5596,MAPK4|Erk3-related|Erk4,Erk4
HGNC:6879,MAPK6,ENSG00000069956,Light,mitogen-activated protein kinase 6,Q16659,5597,MAPK6|ERK3|p97MAPK|HsT17250,Erk3
HGNC:6880,MAPK7,ENSG00000166484,Light,mitogen-activated protein kinase 7,Q13164,5598,MAPK7|BMK1|ERK5,Erk5
HGNC:6881,MAPK8,ENSG00000107643,Light,mitogen-activated protein kinase 8,P45983,5599,MAPK8|JNK|JNK1|SAPK1,JNK1
HGNC:6886,MAPK9,ENSG00000050748,Light,mitogen-activated protein kinase 9,P45984,5601,MAPK9|JNK2|p54a|SAPK,JNK2
HGNC:6872,MAPK10,ENSG00000109339,Light,mitogen-activated protein kinase 10,P53779,5602,MAPK10|JNK3|p493F12|p54bSAPK,JNK3
HGNC:6873,MAPK11,ENSG00000185386,Light,mitogen-activated protein kinase 11,Q15759,5600,MAPK11|p38-2|p38Beta|SAPK2,p38b
HGNC:6874,MAPK12,ENSG00000188130,Light,mitogen-activated protein kinase 12,P53778,6300,MAPK12|ERK6|PRKM12|p38gamma|SAPK-3,p38g
HGNC:6875,MAPK13,ENSG00000156711,Light,mitogen-activated protein kinase 13,O15264,5603,MAPK13|SAPK4|p38delta,p38d
HGNC:6876,MAPK14,ENSG00000112062,Light,mitogen-activated protein kinase 14,Q16539,1432,MAPK14|PRKM14|p38|Mxi2|PRKM15,p38a
HGNC:24667,MAPK15,ENSG00000181085,Dark,mitogen-activated protein kinase 15,Q8TD08,225689,MAPK15|ERK8|ERK7,Erk7
HGNC:6887,MAPKAPK2,ENSG00000162889,Light,MAPK activated protein kinase 2,P49137,9261,MAPKAPK2,MAPKAPK2
HGNC:6888,MAPKAPK3,ENSG00000114738,Light,MAPK activated protein kinase 3,Q16644,7867,MAPKAPK3|3pK|MAPKAP3|3PK,MAPKAPK3
HGNC:6889,MAPKAPK5,ENSG00000089022,Light,MAPK activated protein kinase 5,Q8IW41,8550,MAPKAPK5|PRAK,MAPKAPK5
HGNC:6896,MARK1,ENSG00000116141,Dark,microtubule affinity regulating kinase 1,Q9P0L2,4139,MARK1|MARK|PAR-1C,MARK1
HGNC:3332,MARK2,ENSG00000072518,Light,microtubule affinity regulating kinase 2,Q7KZI7,2011,MARK2|PAR-1|Par1b|PAR-1B,MARK2
HGNC:6897,MARK3,ENSG00000075413,Dark,microtubule affinity regulating kinase 3,P27448,4140,MARK3|CTAK1|KP78|PAR-1A,MARK3
HGNC:13538,MARK4,ENSG00000007047,Dark,microtubule affinity regulating kinase 4,Q96L34,57787,MARK4|Nbla00650|FLJ90097|KIAA1860|PAR-1D,MARK4
HGNC:19034,MAST1,ENSG00000105613,Light,microtubule associated serine/threonine kinase 1,Q9Y2H9,22983,MAST1|SAST|KIAA0973,MAST1
HGNC:19035,MAST2,ENSG00000086015,Dark,microtubule associated serine/threonine kinase 2,Q6P0Q8,23139,MAST2|MAST205|KIAA0807,MAST2
HGNC:19036,MAST3,ENSG00000099308,Dark,microtubule associated serine/threonine kinase 3,O60307,23031,MAST3|KIAA0561,MAST3
HGNC:19037,MAST4,ENSG00000069020,Dark,microtubule associated serine/threonine kinase family member 4,O15021,375449,MAST4|KIAA0303,MAST4
HGNC:19042,MASTL,ENSG00000120539,Light,microtubule associated serine/threonine kinase like,Q96GX5,84930,MASTL|FLJ14813|THC2|Gwl,MASTL
HGNC:6906,MATK,ENSG00000007264,Light,megakaryocyte-associated tyrosine kinase,P42679,4145,MATK|HYLTK|CTK|HYL|Lsk|CHK|HHYLTK|DKFZp434N1212|MGC1708|MGC2101,CTK
HGNC:16870,MELK,ENSG00000165304,Light,maternal embryonic leucine zipper kinase,Q14680,9833,MELK|KIAA0175,MELK
HGNC:7027,MERTK,ENSG00000153208,Light,"MER proto-oncogene, tyrosine kinase",Q12866,10461,MERTK|mer|RP38|c-Eyk|Tyro12,MER
HGNC:7029,MET,ENSG00000105976,Light,"MET proto-oncogene, receptor tyrosine kinase",P08581,4233,MET|HGFR|RCCP2|DFNB97,MET
HGNC:17565,MINK1,ENSG00000141503,Light,misshapen like kinase 1,Q8N4C8,50488,MINK1|B55|MINK|ZC3|MAP4K6|YSK2,MINK
HGNC:7110,MKNK1,ENSG00000079277,Dark,MAPK interacting serine/threonine kinase 1,Q9BUB5,8569,MKNK1|MNK1,MNK1
HGNC:7111,MKNK2,ENSG00000099875,Dark,MAPK interacting serine/threonine kinase 2,Q9HBH9,2872,MKNK2|MNK2,MNK2
HGNC:26617,MLKL,ENSG00000168404,Light,mixed lineage kinase domain like pseudokinase,Q8NB16,197259,MLKL|FLJ34389,MLKL
HGNC:9833,MOK,ENSG00000080823,Light,MOK protein kinase,Q9UQ07,5891,MOK|RAGE1|STK30,MOK
HGNC:7199,MOS,ENSG00000172680,Light,"MOS proto-oncogene, serine/threonine kinase",P00540,4342,MOS,MOS
HGNC:7381,MST1R,ENSG00000164078,Light,macrophage stimulating 1 receptor,Q04912,4486,MST1R|CDw136|CD136,RON
HGNC:3942,MTOR,ENSG00000198793,Light,mechanistic target of rapamycin kinase,P42345,2475,MTOR|RAFT1|RAPT1|FLJ44809,FRAP
HGNC:7525,MUSK,ENSG00000030304,Light,muscle associated receptor tyrosine kinase,O15146,4593,MUSK,MUSK
HGNC:7590,MYLK,ENSG00000065534,Light,myosin light chain kinase,Q15746,4638,MYLK|MLCK|smMLCK|MYLK1|MLCK1,smMLCK
HGNC:16243,MYLK2,ENSG00000101306,Light,myosin light chain kinase 2,Q9H1R3,85366,MYLK2|skMLCK|KMLC|MLCK2,skMLCK
HGNC:29826,MYLK3,ENSG00000140795,Light,myosin light chain kinase 3,Q32MK0,91807,MYLK3|caMLCK|MLCK,caMLCK
HGNC:27972,MYLK4,ENSG00000145949,Light,myosin light chain kinase family member 4,Q86YV6,340156,MYLK4|SgK085,SgK085
HGNC:7601,MYO3A,ENSG00000095777,Light,myosin IIIA,Q8NEV4,53904,MYO3A,MYO3A
HGNC:15576,MYO3B,ENSG00000071909,Light,myosin IIIB,Q8WXR4,140469,MYO3B,MYO3B
HGNC:7744,NEK1,ENSG00000137601,Dark,NIMA related kinase 1,Q96PY6,4750,NEK1|NY-REN-55|KIAA1901,NEK1
HGNC:7745,NEK2,ENSG00000117650,Light,NIMA related kinase 2,P51955,4751,NEK2|NLK1|NEK2A|RP67|PPP1R111,NEK2
HGNC:7746,NEK3,ENSG00000136098,Dark,NIMA related kinase 3,P51956,4752,NEK3|HSPK36|MGC29949,NEK3
HGNC:11399,NEK4,ENSG00000114904,Dark,NIMA related kinase 4,P51957,6787,NEK4|NRK2|pp12301,NEK4
HGNC:7748,NEK5,ENSG00000197168,Dark,NIMA related kinase 5,Q6P3R8,341676,NEK5,NEK5
HGNC:7749,NEK6,ENSG00000119408,Dark,NIMA related kinase 6,Q9HC98,10783,NEK6|SID6-1512,NEK6
HGNC:13386,NEK7,ENSG00000151414,Dark,NIMA related kinase 7,Q8TDX7,140609,NEK7,NEK7
HGNC:13387,NEK8,ENSG00000160602,Dark,NIMA related kinase 8,Q86SG6,284086,NEK8|NPHP9,NEK8
HGNC:18591,NEK9,ENSG00000119638,Dark,NIMA related kinase 9,Q8TD19,91754,NEK9|Nek8|NERCC|DKFZp434D0935|MGC16714,NEK9
HGNC:18592,NEK10,ENSG00000163491,Dark,NIMA related kinase 10,Q6ZWH5,152110,NEK10|FLJ32685,NEK10
HGNC:18593,NEK11,ENSG00000114670,Dark,NIMA related kinase 11,Q8NG66,79858,NEK11|FLJ23495,NEK11
HGNC:28646,NIM1K,ENSG00000177453,Dark,NIM1 serine/threonine protein kinase,Q8IY84,167359,NIM1K|MGC42105|NIM1,NIM1
HGNC:29858,NLK,ENSG00000087095,Light,nemo like kinase,Q9UBE8,51701,NLK,NLK
HGNC:7943,NPR1,ENSG00000169418,Light,natriuretic peptide receptor 1,P16066,4881,NPR1|GUCY2A|ANPa,ANPa
HGNC:7944,NPR2,ENSG00000159899,Light,natriuretic peptide receptor 2,P20594,4882,NPR2|GUCY2B|ANPb,ANPb
HGNC:7993,NRBP1,ENSG00000115216,Light,nuclear receptor binding protein 1,Q9UHY1,29959,NRBP1|BCON3|MUDPNP|MADM,NRBP1
HGNC:19339,NRBP2,ENSG00000185189,Dark,nuclear receptor binding protein 2,Q9NSY0,340371,NRBP2|DKFZp434P086,NRBP2
HGNC:25391,NRK,ENSG00000123572,Dark,Nik related kinase,Q7Z2Y5,203447,NRK|DKFZp686A17109,NRK
HGNC:8031,NTRK1,ENSG00000198400,Light,neurotrophic receptor tyrosine kinase 1,P04629,4914,NTRK1|TRK|TRKA|MTC,TRKA
HGNC:8032,NTRK2,ENSG00000148053,Light,neurotrophic receptor tyrosine kinase 2,Q16620,4915,NTRK2|TRKB,TRKB
HGNC:8033,NTRK3,ENSG00000140538,Light,neurotrophic receptor tyrosine kinase 3,Q16288,4916,NTRK3|TRKC,TRKC
HGNC:14311,NUAK1,ENSG00000074590,Light,NUAK family kinase 1,O60285,9891,NUAK1|ARK5|KIAA0537|NuaK1,NuaK1
HGNC:29558,NUAK2,ENSG00000163545,Dark,NUAK family kinase 2,Q9H093,81788,NUAK2|SNARK|FLJ90349,NuaK2
HGNC:15719,OBSCN,ENSG00000154358,Dark,"obscurin, cytoskeletal calmodulin and titin-interacting RhoGEF",Q5VST9,84033,OBSCN|KIAA1556|UNC89|KIAA1639|ARHGEF30,Obscn
HGNC:8508,OXSR1,ENSG00000172939,Light,oxidative stress responsive kinase 1,O95747,9943,OXSR1|KIAA1101,OSR1
HGNC:8590,PAK1,ENSG00000149269,Light,p21 (RAC1) activated kinase 1,Q13153,5058,PAK1,PAK1
HGNC:8591,PAK2,ENSG00000180370,Light,p21 (RAC1) activated kinase 2,Q13177,5062,PAK2|PAK65|PAKgamma,PAK2
HGNC:8592,PAK3,ENSG00000077264,Dark,p21 (RAC1) activated kinase 3,O75914,5063,PAK3|hPAK3|bPAK,PAK3
HGNC:16059,PAK4,ENSG00000130669,Light,p21 (RAC1) activated kinase 4,O96013,10298,PAK4,PAK4
HGNC:15916,PAK5,ENSG00000101349,Dark,p21 (RAC1) activated kinase 5,Q9P286,57144,PAK5|KIAA1264,PAK5
HGNC:16061,PAK6,ENSG00000137843,Dark,p21 (RAC1) activated kinase 6,Q9NQU5,56924,PAK6|PAK5,PAK6
HGNC:29991,PAN3,ENSG00000152520,Dark,poly(A) specific ribonuclease subunit PAN3,Q58A45,255967,PAN3,NA
HGNC:17270,PASK,ENSG00000115687,Light,PAS domain containing serine/threonine kinase,Q96RG2,23178,PASK|PASKIN|KIAA0135|STK37,PASK
HGNC:18282,PBK,ENSG00000168078,Light,PDZ binding kinase,Q96KB5,55872,PBK|TOPK|FLJ14385|Nori-3|SPK|CT84,PBK
HGNC:8803,PDGFRA,ENSG00000134853,Light,platelet derived growth factor receptor alpha,P16234,5156,PDGFRA|CD140a|PDGFR2|GAS9,PDGFRa
HGNC:8804,PDGFRB,ENSG00000113721,Light,platelet derived growth factor receptor beta,P09619,5159,PDGFRB|JTK12|CD140b|PDGFR1,PDGFRb
HGNC:18981,PDIK1L,ENSG00000175087,Dark,PDLIM1 interacting kinase 1 like,Q8N165,149420,PDIK1L|CLIK1L,CLIK1L
HGNC:8809,PDK1,ENSG00000152256,Light,pyruvate dehydrogenase kinase 1,Q15118,5163,PDK1,PDHK1
HGNC:8810,PDK2,ENSG00000005882,Light,pyruvate dehydrogenase kinase 2,Q15119,5164,PDK2|PDHK2,PDHK2
HGNC:8811,PDK3,ENSG00000067992,Light,pyruvate dehydrogenase kinase 3,Q15120,5165,PDK3,PDHK3
HGNC:8812,PDK4,ENSG00000004799,Light,pyruvate dehydrogenase kinase 4,Q16654,5166,PDK4,PDHK4
HGNC:8816,PDPK1,ENSG00000140992,Light,3-phosphoinositide dependent protein kinase 1,O15530,5170,PDPK1|PDK1,PDK1
HGNC:49897,PDPK2P,ENSG00000205918,Light,"3-phosphoinositide dependent protein kinase 2, pseudogene",Q6A1A2,653650,PDPK2P,NA
HGNC:29431,PEAK1,ENSG00000173517,Light,pseudopodium enriched atypical kinase 1,Q9H792,79834,PEAK1|KIAA2002|sgk269,SgK269
HGNC:8930,PHKG1,ENSG00000164776,Dark,phosphorylase kinase catalytic subunit gamma 1,Q16816,5260,PHKG1,PHKg1
HGNC:8931,PHKG2,ENSG00000156873,Dark,phosphorylase kinase catalytic subunit gamma 2,P15735,5261,PHKG2,PHKg2
HGNC:30031,PI4K2A,ENSG00000155252,Light,phosphatidylinositol 4-kinase type 2 alpha,Q9BTU6,55361,PI4K2A|PI4KII|DKFZP761G1923|PIK42A,NA
HGNC:18215,PI4K2B,ENSG00000038210,Light,phosphatidylinositol 4-kinase type 2 beta,Q8TCG2,55300,PI4K2B|PI4KIIB|FLJ11105|PIK42B,NA
HGNC:8983,PI4KA,ENSG00000241973,Dark,phosphatidylinositol 4-kinase alpha,P42356,5297,PI4KA|PI4K-ALPHA|pi4K230,NA
HGNC:33577,PI4KAP2,ENSG00000183506,Light,phosphatidylinositol 4-kinase alpha pseudogene 2,A4QPH2,375133,PI4KAP2,NA
HGNC:8984,PI4KB,ENSG00000143393,Light,phosphatidylinositol 4-kinase beta,Q9UBF8,5298,PI4KB|PI4K-BETA|pi4K92,NA
HGNC:8971,PIK3C2A,ENSG00000011405,Light,phosphatidylinositol-4-phosphate 3-kinase catalytic subunit type 2 alpha,O00443,5286,PIK3C2A|PI3K-C2alpha,NA
HGNC:8972,PIK3C2B,ENSG00000133056,Dark,phosphatidylinositol-4-phosphate 3-kinase catalytic subunit type 2 beta,O00750,5287,PIK3C2B|C2-PI3K|PI3K-C2beta,NA
HGNC:8973,PIK3C2G,ENSG00000139144,Dark,phosphatidylinositol-4-phosphate 3-kinase catalytic subunit type 2 gamma,O75747,5288,PIK3C2G,NA
HGNC:8974,PIK3C3,ENSG00000078142,Light,phosphatidylinositol 3-kinase catalytic subunit type 3,Q8NEB9,5289,PIK3C3|Vps34,NA
HGNC:8975,PIK3CA,ENSG00000121879,Light,"phosphatidylinositol-4,5-bisphosphate 3-kinase catalytic subunit alpha",P42336,5290,PIK3CA|PI3K,NA
HGNC:8976,PIK3CB,ENSG00000051382,Light,"phosphatidylinositol-4,5-bisphosphate 3-kinase catalytic subunit beta",P42338,5291,PIK3CB,NA
HGNC:8977,PIK3CD,ENSG00000171608,Light,"phosphatidylinositol-4,5-bisphosphate 3-kinase catalytic subunit delta",O00329,5293,PIK3CD|p110D,NA
HGNC:8978,PIK3CG,ENSG00000105851,Light,"phosphatidylinositol-4,5-bisphosphate 3-kinase catalytic subunit gamma",P48736,5294,PIK3CG,NA
HGNC:8982,PIK3R4,ENSG00000196455,Light,phosphoinositide-3-kinase regulatory subunit 4,Q99570,30849,PIK3R4|VPS15|p150,PIK3R4
HGNC:8986,PIM1,ENSG00000137193,Light,"Pim-1 proto-oncogene, serine/threonine kinase",P11309,5292,PIM1,PIM1
HGNC:8987,PIM2,ENSG00000102096,Light,"Pim-2 proto-oncogene, serine/threonine kinase",Q9P1W9,11040,PIM2,PIM2
HGNC:19310,PIM3,ENSG00000198355,Light,"Pim-3 proto-oncogene, serine/threonine kinase",Q86V86,415116,PIM3,PIM3
HGNC:14581,PINK1,ENSG00000158828,Light,PTEN induced kinase 1,Q9BXM7,65018,PINK1|BRPK,PINK1
HGNC:23786,PIP4K2C,ENSG00000166908,Dark,phosphatidylinositol-5-phosphate 4-kinase type 2 gamma,Q8TBX8,79837,PIP4K2C|FLJ22055,NA
HGNC:8994,PIP5K1A,ENSG00000143398,Dark,phosphatidylinositol-4-phosphate 5-kinase type 1 alpha,Q99755,8394,PIP5K1A,NA
HGNC:8995,PIP5K1B,ENSG00000107242,Dark,phosphatidylinositol-4-phosphate 5-kinase type 1 beta,O14986,8395,PIP5K1B|STM7|MSS4,NA
HGNC:8996,PIP5K1C,ENSG00000186111,Dark,phosphatidylinositol-4-phosphate 5-kinase type 1 gamma,O60331,23396,PIP5K1C|PIP5Kgamma|KIAA0589|LCCS3,NA
HGNC:25123,PKDCC,ENSG00000162878,Light,"protein kinase domain containing, cytoplasmic",Q504Y2,91461,PKDCC|SgK493|Vlk,SgK493
HGNC:29650,PKMYT1,ENSG00000127564,Dark,"protein kinase, membrane associated tyrosine/threonine 1",Q99640,9088,PKMYT1|MYT1|PPP1R126,MYT1
HGNC:9405,PKN1,ENSG00000123143,Light,protein kinase N1,Q16512,5585,PKN1|DBK|PRK1|PKN|MGC46204|PAK1,PKN1
HGNC:9406,PKN2,ENSG00000065243,Light,protein kinase N2,Q16513,5586,PKN2|PRK2|Pak-2|STK7,PKN2
HGNC:17999,PKN3,ENSG00000160447,Dark,protein kinase N3,Q6P5Z2,29941,PKN3|PKNbeta|UTDP4-1,PKN3
HGNC:9077,PLK1,ENSG00000166851,Light,polo like kinase 1,P53350,5347,PLK1,PLK1
HGNC:19699,PLK2,ENSG00000145632,Light,polo like kinase 2,Q9NYY3,10769,PLK2|SNK,PLK2
HGNC:2154,PLK3,ENSG00000173846,Light,polo like kinase 3,Q9H4B4,1263,PLK3|FNK|PRK,PLK3
HGNC:11397,PLK4,ENSG00000142731,Light,polo like kinase 4,O00444,10733,PLK4|Sak,PLK4
HGNC:13415,PNCK,ENSG00000130822,Dark,pregnancy up-regulated nonubiquitous CaM kinase,Q6P2M8,139728,PNCK|MGC45419|CaMK1b,CaMK1b
HGNC:26267,POMK,ENSG00000185900,Dark,protein O-mannose kinase,Q9H5K3,84197,POMK|FLJ23356|SgK196,SgK196
HGNC:25438,PRAG1,ENSG00000275342,Dark,"PEAK1 related, kinase-activating pseudokinase 1",Q86YV5,157285,PRAG1|DKFZp761P0423|SgK223|PRAGMIN|PEAK2|NACK,SgK223
HGNC:9376,PRKAA1,ENSG00000132356,Light,protein kinase AMP-activated catalytic subunit alpha 1,Q13131,5562,PRKAA1|AMPKa1,AMPKa1
HGNC:9377,PRKAA2,ENSG00000162409,Light,protein kinase AMP-activated catalytic subunit alpha 2,P54646,5563,PRKAA2|AMPK|AMPKa2,AMPKa2
HGNC:9380,PRKACA,ENSG00000072062,Light,protein kinase cAMP-activated catalytic subunit alpha,P17612,5566,PRKACA|PKACa,PKACa
HGNC:9381,PRKACB,ENSG00000142875,Dark,protein kinase cAMP-activated catalytic subunit beta,P22694,5567,PRKACB|PKACb,PKACb
HGNC:9382,PRKACG,ENSG00000165059,Dark,protein kinase cAMP-activated catalytic subunit gamma,P22612,5568,PRKACG|PKACg,PKACg
HGNC:9393,PRKCA,ENSG00000154229,Light,protein kinase C alpha,P17252,5578,PRKCA|PKCα,PKCa
HGNC:9395,PRKCB,ENSG00000166501,Light,protein kinase C beta,P05771,5579,PRKCB|PKCβ,PKCb
HGNC:9399,PRKCD,ENSG00000163932,Light,protein kinase C delta,Q05655,5580,PRKCD,PKCd
HGNC:9401,PRKCE,ENSG00000171132,Light,protein kinase C epsilon,Q02156,5581,PRKCE,PKCe
HGNC:9402,PRKCG,ENSG00000126583,Light,protein kinase C gamma,P05129,5582,PRKCG|PKCC|MGC57564|PKCγ,PKCg
HGNC:9403,PRKCH,ENSG00000027075,Light,protein kinase C eta,P24723,5583,PRKCH|PKC-L|PKCL,PKCh
HGNC:9404,PRKCI,ENSG00000163558,Light,protein kinase C iota,P41743,5584,PRKCI|PKCI,PKCi
HGNC:9410,PRKCQ,ENSG00000065675,Dark,protein kinase C theta,Q04759,5588,PRKCQ,PKCt
HGNC:9412,PRKCZ,ENSG00000067606,Light,protein kinase C zeta,Q05513,5590,PRKCZ|PKC2,PKCz
HGNC:9407,PRKD1,ENSG00000184304,Light,protein kinase D1,Q15139,5587,PRKD1|PKCM|PKD|PKC-mu,PKD1
HGNC:17293,PRKD2,ENSG00000105287,Light,protein kinase D2,Q9BZL6,25865,PRKD2|PKD2|HSPC187|DKFZP586E0820,PKD2
HGNC:9408,PRKD3,ENSG00000115825,Light,protein kinase D3,O94806,23683,PRKD3|EPK2,PKD3
HGNC:9413,PRKDC,ENSG00000253729,Light,"protein kinase, DNA-activated, catalytic subunit",P78527,5591,PRKDC|DNPK1|p350|DNAPK|XRCC7|DNA-PKcs|DNAPKc|DNA-PKC|p460,DNAPK
HGNC:9414,PRKG1,ENSG00000185532,Light,protein kinase cGMP-dependent 1,Q13976,5592,PRKG1|PGK|PKG|PKG1,PKG1
HGNC:9416,PRKG2,ENSG00000138669,Light,protein kinase cGMP-dependent 2,Q13237,5593,PRKG2|cGKII|PRKGR2|PKG2,PKG2
HGNC:9441,PRKX,ENSG00000183943,Light,protein kinase X-linked,P51817,5613,PRKX|PKX1,PRKX
HGNC:9444,PRKY,ENSG00000099725,Light,protein kinase Y-linked (pseudogene),O43930,5616,PRKY|PRKYP|PRKXP3,PRKY
HGNC:17346,PRPF4B,ENSG00000112739,Dark,pre-mRNA processing factor 4B,Q13523,8899,PRPF4B|Prp4|PR4H|KIAA0536,PRP4
HGNC:9529,PSKH1,ENSG00000159792,Dark,protein serine kinase H1,P11801,5681,PSKH1,PSKH1
HGNC:18997,PSKH2,ENSG00000147613,Dark,protein serine kinase H2,Q96QS6,85481,PSKH2,PSKH2
HGNC:9611,PTK2,ENSG00000169398,Light,protein tyrosine kinase 2,Q05397,5747,PTK2|FAK|FADK|FAK1|PPP1R71,FAK
HGNC:9612,PTK2B,ENSG00000120899,Light,protein tyrosine kinase 2 beta,Q14289,2185,PTK2B|CAKB|PYK2|RAFTK|PTK|CADTK,PYK2
HGNC:9617,PTK6,ENSG00000101213,Light,protein tyrosine kinase 6,Q13882,5753,PTK6|BRK,BRK
HGNC:9618,PTK7,ENSG00000112655,Light,protein tyrosine kinase 7 (inactive),Q13308,5754,PTK7|CCK4,CCK4
HGNC:23326,PXK,ENSG00000168297,Dark,PX domain containing serine/threonine kinase like,Q7Z7A4,54899,PXK|FLJ20335|Slob,Slob
HGNC:9829,RAF1,ENSG00000132155,Light,"Raf-1 proto-oncogene, serine/threonine kinase",P04049,5894,RAF1|Raf-1|c-Raf|CRAF,RAF1
HGNC:9967,RET,ENSG00000165731,Light,ret proto-oncogene,P07949,5979,RET|PTC|CDHF12|RET51|CDHR16,RET
HGNC:18656,RIOK1,ENSG00000124784,Dark,RIO kinase 1,Q9BRS2,83732,RIOK1|AD034|FLJ30006|bA288G3.1|RRP10,RIOK1
HGNC:18999,RIOK2,ENSG00000058729,Dark,RIO kinase 2,Q9BVS4,55781,RIOK2|FLJ11159,RIOK2
HGNC:11451,RIOK3,ENSG00000101782,Dark,RIO kinase 3,O14730,8780,RIOK3,RIOK3
HGNC:10019,RIPK1,ENSG00000137275,Light,receptor interacting serine/threonine kinase 1,Q13546,8737,RIPK1|RIP,RIPK1
HGNC:10020,RIPK2,ENSG00000104312,Light,receptor interacting serine/threonine kinase 2,O43353,8767,RIPK2|RICK|RIP2|CARDIAK|CARD3,RIPK2
HGNC:10021,RIPK3,ENSG00000129465,Light,receptor interacting serine/threonine kinase 3,Q9Y572,11035,RIPK3|RIP3,RIPK3
HGNC:496,RIPK4,ENSG00000183421,Light,receptor interacting serine/threonine kinase 4,P57078,54101,RIPK4|DIK|ANKK2|RIP4|PKK,ANKRD3
HGNC:10050,RNASEL,ENSG00000135828,Dark,ribonuclease L,Q05823,6041,RNASEL,RNAseL
HGNC:10251,ROCK1,ENSG00000067900,Light,Rho associated coiled-coil containing protein kinase 1,Q13464,6093,ROCK1|p160ROCK,ROCK1
HGNC:10252,ROCK2,ENSG00000134318,Light,Rho associated coiled-coil containing protein kinase 2,O75116,9475,ROCK2,ROCK2
HGNC:10256,ROR1,ENSG00000185483,Light,receptor tyrosine kinase like orphan receptor 1,Q01973,4919,ROR1,ROR1
HGNC:10257,ROR2,ENSG00000169071,Light,receptor tyrosine kinase like orphan receptor 2,Q01974,4920,ROR2,ROR2
HGNC:10261,ROS1,ENSG00000047936,Light,"ROS proto-oncogene 1, receptor tyrosine kinase",P08922,6098,ROS1|MCF3|ROS|c-ros-1,ROS
HGNC:10430,RPS6KA1,ENSG00000117676,Light,ribosomal protein S6 kinase A1,Q15418,6195,RPS6KA1|RSK1|HU-1|p90Rsk,RSK3
HGNC:10431,RPS6KA2,ENSG00000071242,Light,ribosomal protein S6 kinase A2,Q15349,6196,RPS6KA2|RSK3|HU-2,RSK1
HGNC:10432,RPS6KA3,ENSG00000177189,Light,ribosomal protein S6 kinase A3,P51812,6197,RPS6KA3|RSK2|HU-3,RSK2
HGNC:10433,RPS6KA4,ENSG00000162302,Light,ribosomal protein S6 kinase A4,O75676,8986,RPS6KA4|RSK-B|MSK2,MSK2
HGNC:10434,RPS6KA5,ENSG00000100784,Light,ribosomal protein S6 kinase A5,O75582,9252,RPS6KA5|MSK1|RLPK,MSK1
HGNC:10435,RPS6KA6,ENSG00000072133,Light,ribosomal protein S6 kinase A6,Q9UK32,27330,RPS6KA6|RSK4,RSK4
HGNC:10436,RPS6KB1,ENSG00000108443,Light,ribosomal protein S6 kinase B1,P23443,6198,RPS6KB1|S6K1|p70(S6K)-alpha|PS6K|S6K,p70S6K
HGNC:10437,RPS6KB2,ENSG00000175634,Light,ribosomal protein S6 kinase B2,Q9UBS0,6199,RPS6KB2|p70S6Kb|P70-BETA|STK14B|KLS|S6KB|S6Kbeta|S6Kβ,p70S6Kb
HGNC:10439,RPS6KC1,ENSG00000136643,Dark,ribosomal protein S6 kinase C1,Q96S38,26750,RPS6KC1|humS6PKh1|RSKL1,RSKL1
HGNC:20222,RPS6KL1,ENSG00000198208,Dark,ribosomal protein S6 kinase like 1,Q9Y6S9,83694,RPS6KL1|MGC11287|RSKL2,RSKL2
HGNC:26314,RSKR,ENSG00000167524,Dark,ribosomal protein S6 kinase related,,124923,RSKR|FLJ25006|SgK494,NA
HGNC:10481,RYK,ENSG00000163785,Light,receptor like tyrosine kinase,P34925,6259,RYK|D3S3195|RYK1|JTK5,RYK
HGNC:17699,SBK1,ENSG00000188322,Dark,SH3 domain binding kinase 1,Q52WX2,388228,SBK1|Sbk,SBK
HGNC:34416,SBK2,ENSG00000187550,Dark,SH3 domain binding kinase family member 2,P0C263,646643,SBK2|SGK069,SgK069
HGNC:44121,SBK3,ENSG00000231274,Dark,SH3 domain binding kinase family member 3,P0C264,100130827,SBK3|SgK110,SgK110
HGNC:14372,SCYL1,ENSG00000142186,Dark,SCY1 like pseudokinase 1,Q96KG9,57410,SCYL1|HT019|P105|GKLP|NKTL|TAPK|TRAP|TEIF|MGC78454,SCYL1
HGNC:19286,SCYL2,ENSG00000136021,Dark,SCY1 like pseudokinase 2,Q6P3W7,55681,SCYL2|KIAA1360|CVAK104,SCYL2
HGNC:19285,SCYL3,ENSG00000000457,Dark,SCY1 like pseudokinase 3,Q8IZE3,57147,SCYL3|PACE-1|PACE1,SCYL3
HGNC:10810,SGK1,ENSG00000118515,Light,serum/glucocorticoid regulated kinase 1,O00141,6446,SGK1,SGK1
HGNC:13900,SGK2,ENSG00000101049,Light,serum/glucocorticoid regulated kinase 2,Q9HBY8,10110,SGK2,SGK2
HGNC:10812,SGK3,ENSG00000104205,Light,serum/glucocorticoid regulated kinase family member 3,Q96BR1,23678,SGK3,SGK3
HGNC:11142,SIK1,ENSG00000142178,Light,salt inducible kinase 1,P57059,150094,SIK1|msk,SIK
HGNC:52389,SIK1B,ENSG00000275993,Light,salt inducible kinase 1B (putative),A0A0B4J2F2,102724428,SIK1B,NA
HGNC:21680,SIK2,ENSG00000170145,Light,salt inducible kinase 2,Q9H0K1,23235,SIK2|KIAA0781|QIK|DKFZp434K1115|LOH11CR1I,QIK
HGNC:29165,SIK3,ENSG00000160584,Light,SIK family kinase 3,Q9Y2K2,23387,SIK3|FLJ12240|L19|KIAA0999|QSK,QSK
HGNC:11088,SLK,ENSG00000065613,Light,STE20 like kinase,Q9H2G2,9748,SLK|STK2|se20-9|KIAA0204,SLK
HGNC:30045,SMG1,ENSG00000157106,Light,SMG1 nonsense mediated mRNA decay associated PI3K related kinase,Q96Q15,23049,SMG1|LIP|KIAA0421|ATX,SMG1
HGNC:30598,SNRK,ENSG00000163788,Light,SNF related kinase,Q9NRH2,54861,SNRK|FLJ20224|HSNFRK|KIAA0096,SNRK
HGNC:16901,SPEG,ENSG00000072195,Light,striated muscle enriched protein kinase,Q15772,10290,SPEG|MGC12676|KIAA1297|SPEGalpha|SPEGbeta|BPEG|MYLK6,SPEG
HGNC:11283,SRC,ENSG00000197122,Light,"SRC proto-oncogene, non-receptor tyrosine kinase",P12931,6714,SRC|ASV|c-src,SRC
HGNC:11298,SRMS,ENSG00000125508,Light,src-related kinase lacking C-terminal regulatory tyrosine and N-terminal myristylation sites,Q9H3Y6,6725,SRMS|SRM|dJ697K14.1|PTK70,SRM
HGNC:11305,SRPK1,ENSG00000096063,Light,SRSF protein kinase 1,Q96SB4,6732,SRPK1|SFRSK1,SRPK1
HGNC:11306,SRPK2,ENSG00000135250,Light,SRSF protein kinase 2,P78362,6733,SRPK2|SFRSK2,SRPK2
HGNC:11402,SRPK3,ENSG00000184343,Dark,SRSF protein kinase 3,Q9UPE1,26576,SRPK3|MSSK1,MSSK1
HGNC:11406,STK3,ENSG00000104375,Dark,serine/threonine kinase 3,Q13188,6788,STK3|MST2|KRS1,MST2
HGNC:11408,STK4,ENSG00000101109,Light,serine/threonine kinase 4,Q13043,6789,STK4|MST1|KRS2|YSK3,MST1
HGNC:11388,STK10,ENSG00000072786,Light,serine/threonine kinase 10,O94804,6793,STK10|LOK|PRO2729,LOK
HGNC:11389,STK11,ENSG00000118046,Light,serine/threonine kinase 11,Q15831,6794,STK11|PJS|LKB1,LKB1
HGNC:11394,STK16,ENSG00000115661,Light,serine/threonine kinase 16,O75716,8576,STK16|PKL12|MPSK,MPSK1
HGNC:11395,STK17A,ENSG00000164543,Dark,serine/threonine kinase 17a,Q9UEE5,9263,STK17A|DRAK1,DRAK1
HGNC:11396,STK17B,ENSG00000081320,Dark,serine/threonine kinase 17b,O94768,9262,STK17B|DRAK2,DRAK2
HGNC:11398,STK19,ENSG00000204344,Dark,serine/threonine kinase 19,P49842,8859,STK19|D6S60|G11|RP1,G11
HGNC:11403,STK24,ENSG00000102572,Light,serine/threonine kinase 24,Q9Y6E0,8428,STK24|MST-3|MST3|MST3B|STK3|STE20,MST3
HGNC:11404,STK25,ENSG00000115694,Light,serine/threonine kinase 25,O00506,10494,STK25|SOK1|YSK1,YSK1
HGNC:18174,STK26,ENSG00000134602,Light,serine/threonine kinase 26,Q9P289,51765,STK26|MST4|MASK,MST4
HGNC:11407,STK31,ENSG00000196335,Dark,serine/threonine kinase 31,Q9BXU1,56164,STK31|TDRD8|SgK396,SgK396
HGNC:28317,STK32A,ENSG00000169302,Dark,serine/threonine kinase 32A,Q8WU08,202374,STK32A|MGC22688|YANK1,YANK1
HGNC:14217,STK32B,ENSG00000152953,Dark,serine/threonine kinase 32B,Q9NY57,55351,STK32B|STKG6|YANK2|STK32|HSA250839,YANK2
HGNC:21332,STK32C,ENSG00000165752,Dark,serine/threonine kinase 32C,Q86UX6,282974,STK32C|PKE|MGC23665|YANK3,YANK3
HGNC:14568,STK33,ENSG00000130413,Dark,serine/threonine kinase 33,Q9BYT3,65975,STK33,STK33
HGNC:16254,STK35,ENSG00000125834,Light,serine/threonine kinase 35,Q8TDR2,140901,STK35|bA550O8.2|CLIK1,CLIK1
HGNC:17209,STK36,ENSG00000163482,Dark,serine/threonine kinase 36,Q9NRP7,27148,STK36|KIAA1278|FU,Fused
HGNC:17847,STK38,ENSG00000112079,Light,serine/threonine kinase 38,Q15208,11329,STK38|NDR|NDR1,NDR1
HGNC:17848,STK38L,ENSG00000211455,Dark,serine/threonine kinase 38 like,Q9Y2H1,23012,STK38L|KIAA0965|NDR2,NDR2
HGNC:17717,STK39,ENSG00000198648,Light,serine/threonine kinase 39,Q9UEW8,27347,STK39|DCHT|SPAK,STLK3
HGNC:21373,STK40,ENSG00000196182,Dark,serine/threonine kinase 40,Q8N2I9,83931,STK40|MGC4796|SgK495,SgK495
HGNC:28669,STKLD1,ENSG00000198870,Dark,serine/threonine kinase like domain containing 1,Q8NE28,169436,STKLD1|MGC43306|SGK071,SgK071
HGNC:30172,STRADA,ENSG00000266173,Light,STE20 related adaptor alpha,Q7RTN6,92335,STRADA|NY-BR-96|LYK5|Stlk|STRAD,STLK5
HGNC:13205,STRADB,ENSG00000082146,Light,STE20 related adaptor beta,Q9C0K7,55437,STRADB|CALS-21|PAPK|ILPIPA|ILPIP,STLK6
HGNC:18889,STYK1,ENSG00000060140,Light,serine/threonine/tyrosine kinase 1,Q6J9G0,55359,STYK1|SuRTK106|DKFZp761P1010|NOK,SuRTK106
HGNC:11491,SYK,ENSG00000165025,Light,spleen associated tyrosine kinase,P43405,6850,SYK,SYK
HGNC:11535,TAF1,ENSG00000147133,Light,TATA-box binding protein associated factor 1,P21675,6872,TAF1|NSCL2|TAFII250|KAT4|DYT3/TAF1,TAF1
HGNC:18056,TAF1L,ENSG00000122728,Light,TATA-box binding protein associated factor 1 like,Q8IZX4,138474,TAF1L,TAF1L
HGNC:29259,TAOK1,ENSG00000160551,Dark,TAO kinase 1,Q7L7X3,57551,TAOK1|KIAA1361|MARKK|PSK2|MAP3K16|FLJ14314|TAO1,TAO1
HGNC:16835,TAOK2,ENSG00000149930,Dark,TAO kinase 2,Q9UL54,9344,TAOK2|TAO1|KIAA0881|PSK|PSK1|TAO2|MAP3K17,TAO2
HGNC:18133,TAOK3,ENSG00000135090,Light,TAO kinase 3,Q9H2K8,51347,TAOK3|JIK|DPK|MAP3K18,TAO3
HGNC:28261,TBCK,ENSG00000145348,Dark,TBC1 domain containing kinase,Q8TEA7,93627,TBCK|MGC16169|HSPC302,TBCK
HGNC:11584,TBK1,ENSG00000183735,Light,TANK binding kinase 1,Q9UHD2,29110,TBK1|NAK,TBK1
HGNC:17443,TBRG4,ENSG00000136270,Light,transforming growth factor beta regulator 4,Q969Z0,9238,TBRG4|Cpr2|KIAA0948|H_TD2522F11.8|FASTKD4,NA
HGNC:11719,TEC,ENSG00000135605,Light,tec protein tyrosine kinase,P42680,7006,TEC|PSCTK4,TEC
HGNC:11724,TEK,ENSG00000120156,Light,TEK receptor tyrosine kinase,Q02763,7010,TEK|TIE2|TIE-2|VMCM1|CD202b,TIE2
HGNC:11731,TESK1,ENSG00000107140,Dark,testis associated actin remodelling kinase 1,Q15569,7016,TESK1,TESK1
HGNC:11732,TESK2,ENSG00000070759,Dark,testis associated actin remodelling kinase 2,Q96S53,10420,TESK2,TESK2
HGNC:11737,TEX14,ENSG00000121101,Light,"testis expressed 14, intercellular bridge forming factor",Q8IWB6,56155,TEX14|CT113,SgK307
HGNC:11772,TGFBR1,ENSG00000106799,Light,transforming growth factor beta receptor 1,P36897,7046,TGFBR1|ALK-5|ACVRLK4|ALK5|TBRI|TBR-i,TGFbR1
HGNC:11773,TGFBR2,ENSG00000163513,Light,transforming growth factor beta receptor 2,P37173,7048,TGFBR2|TBRII|TBR-ii,TGFbR2
HGNC:11809,TIE1,ENSG00000066056,Light,tyrosine kinase with immunoglobulin like and EGF like domains 1,P35590,7075,TIE1|JTK14,TIE1
HGNC:11841,TLK1,ENSG00000198586,Dark,tousled like kinase 1,Q9UKI8,9874,TLK1|KIAA0137|PKU-BETA,TLK1
HGNC:11842,TLK2,ENSG00000146872,Dark,tousled like kinase 2,Q86UE8,11011,TLK2|PKU-ALPHA|MGC44450,TLK2
HGNC:30765,TNIK,ENSG00000154310,Light,TRAF2 and NCK interacting kinase,Q9UKE5,23043,TNIK|KIAA0551,TNIK
HGNC:11940,TNK1,ENSG00000174292,Light,tyrosine kinase non receptor 1,Q13470,8711,TNK1,TNK1
HGNC:19297,TNK2,ENSG00000061938,Light,tyrosine kinase non receptor 2,Q07912,10188,TNK2|p21cdc42Hs|ACK|ACK1,ACK
HGNC:19661,TNNI3K,ENSG00000116783,Light,TNNI3 interacting kinase,Q59H18,51086,TNNI3K|CARK,HH498
HGNC:16197,TP53RK,ENSG00000172315,Dark,TP53 regulating kinase,Q96S44,112858,TP53RK|dJ101A2.2|prpk|Nori-2p|BUD32,PRPK
HGNC:53829,TPTEP2-CSNK1E,ENSG00000283900,Light,TPTEP2-CSNK1E readthrough,,102800317,TPTEP2-CSNK1E,NA
HGNC:16891,TRIB1,ENSG00000173334,Light,tribbles pseudokinase 1,Q96RU8,10221,TRIB1|C8FW|GIG2|TRB1,Trb1
HGNC:30809,TRIB2,ENSG00000071575,Light,tribbles pseudokinase 2,Q92519,28951,TRIB2|TRB2|GS3955,Trb2
HGNC:16228,TRIB3,ENSG00000101255,Light,tribbles pseudokinase 3,Q96RU7,57761,TRIB3|dJ1103G7.3|TRB3,Trb3
HGNC:11812,TRIM24,ENSG00000122779,Light,tripartite motif containing 24,O15164,8805,TRIM24|hTIF1|Tif1a|RNF82|TIF1A,TIF1a
HGNC:16384,TRIM28,ENSG00000130726,Light,tripartite motif containing 28,Q13263,10155,TRIM28|TIF1B|KAP1|TF1B|RNF96|PPP1R157,TIF1b
HGNC:16290,TRIM33,ENSG00000197323,Light,tripartite motif containing 33,Q9UPN9,51592,TRIM33|TIF1GAMMA|FLJ11429|KIAA1113|TIFGAMMA|RFG7|TF1G|TIF1G|PTC7,TIF1g
HGNC:29005,TRIM66,ENSG00000166436,Light,tripartite motif containing 66,O15016,9866,TRIM66|KIAA0298|TIF1D,NA
HGNC:12303,TRIO,ENSG00000038382,Light,trio Rho guanine nucleotide exchange factor,O75962,7204,TRIO|ARHGEF23,Trio
HGNC:17995,TRPM6,ENSG00000119121,Light,transient receptor potential cation channel subfamily M member 6,Q9BX84,140803,TRPM6|CHAK2|FLJ22628,ChaK2
HGNC:17994,TRPM7,ENSG00000092439,Light,transient receptor potential cation channel subfamily M member 7,Q96QT4,54822,TRPM7|CHAK1|LTRPC7|TRP-PLIK,ChaK1
HGNC:12347,TRRAP,ENSG00000196367,Light,transformation/transcription domain associated protein,Q9Y4A5,8295,TRRAP|TR-AP|PAF400|Tra1,TRRAP
HGNC:14968,TSSK1B,ENSG00000212122,Dark,testis specific serine kinase 1B,Q9BXA7,83942,TSSK1B|SPOGA4|FKSG81,TSSK1
HGNC:11401,TSSK2,ENSG00000206203,Dark,testis specific serine kinase 2,Q96PF2,23617,TSSK2|SPOGA2|FLJ38613,TSSK2
HGNC:15473,TSSK3,ENSG00000162526,Dark,testis specific serine kinase 3,Q96PN8,81629,TSSK3|SPOGA3,TSSK3
HGNC:19825,TSSK4,ENSG00000139908,Dark,testis specific serine kinase 4,Q6SA08,283629,TSSK4,TSSK4
HGNC:30410,TSSK6,ENSG00000178093,Dark,testis specific serine kinase 6,Q9BXA6,83983,TSSK6|SSTK|FLJ24002|CT72,SSTK
HGNC:19140,TTBK1,ENSG00000146216,Dark,tau tubulin kinase 1,Q5TCY1,84630,TTBK1|KIAA1855,TTBK1
HGNC:19141,TTBK2,ENSG00000128881,Dark,tau tubulin kinase 2,Q6IQ55,146057,TTBK2|KIAA0847,TTBK2
HGNC:12401,TTK,ENSG00000112742,Light,TTK protein kinase,P33981,7272,TTK|MPS1|MPS1L1|CT96|MPH1,TTK
HGNC:12403,TTN,ENSG00000155657,Light,titin,Q8WZ42,7273,TTN|CMPD4|FLJ32040|TMD|CMH9|LGMD2J|MYLK5,TTN
HGNC:12434,TXK,ENSG00000074966,Light,TXK tyrosine kinase,P42681,7294,TXK|TKL|PSCTK5|BTKL|RLK,TXK
HGNC:12440,TYK2,ENSG00000105397,Light,tyrosine kinase 2,P29597,7297,TYK2|JTK1,TYK2
HGNC:12446,TYRO3,ENSG00000092445,Light,TYRO3 protein tyrosine kinase,Q06418,7301,TYRO3|Dtk|Brt|Tif|Sky|Etk-2|Rek,TYRO3
HGNC:19683,UHMK1,ENSG00000152332,Light,U2AF homology motif kinase 1,Q8TAS1,127933,UHMK1|KIS|Kist,KIS
HGNC:12558,ULK1,ENSG00000177169,Light,unc-51 like autophagy activating kinase 1,O75385,8408,ULK1|ATG1|ATG1A,ULK1
HGNC:13480,ULK2,ENSG00000083290,Light,unc-51 like autophagy activating kinase 2,Q8IYT8,9706,ULK2|KIAA0623|Unc51.2|ATG1B,ULK2
HGNC:19703,ULK3,ENSG00000140474,Light,unc-51 like kinase 3,Q6PHR2,25989,ULK3|DKFZP434C131|FLJ90566,ULK3
HGNC:15784,ULK4,ENSG00000168038,Dark,unc-51 like kinase 4,Q96C45,54986,ULK4|FLJ20574|REC01035|FAM7C1,ULK4
HGNC:12718,VRK1,ENSG00000100749,Light,VRK serine/threonine kinase 1,Q99986,7443,VRK1,VRK1
HGNC:12719,VRK2,ENSG00000028116,Dark,VRK serine/threonine kinase 2,Q86Y07,7444,VRK2,VRK2
HGNC:18996,VRK3,ENSG00000105053,Dark,VRK serine/threonine kinase 3,Q8IV63,51231,VRK3,VRK3
HGNC:12761,WEE1,ENSG00000166483,Light,WEE1 G2 checkpoint kinase,P30291,7465,WEE1|WEE1A,Wee1
HGNC:19684,WEE2,ENSG00000214102,Dark,WEE1 homolog 2,P0C1S8,494551,WEE2|FLJ16107,Wee1B
HGNC:48669,WEE2-AS1,ENSG00000228775,Light,WEE2 antisense RNA 1,,285962,WEE2-AS1,NA
HGNC:14540,WNK1,ENSG00000060237,Light,WNK lysine deficient protein kinase 1,Q9H4A3,65125,WNK1|HSAN2|PPP1R167,Wnk1
HGNC:14542,WNK2,ENSG00000165238,Dark,WNK lysine deficient protein kinase 2,Q9Y3S1,65268,WNK2|NY-CO-43|KIAA1760,Wnk2
HGNC:14543,WNK3,ENSG00000196632,Dark,WNK lysine deficient protein kinase 3,Q9BYP7,65267,WNK3,Wnk3
HGNC:14544,WNK4,ENSG00000126562,Light,WNK lysine deficient protein kinase 4,Q96J92,65266,WNK4,Wnk4
HGNC:12841,YES1,ENSG00000176105,Light,"YES proto-oncogene 1, Src family tyrosine kinase",P07947,7525,YES1|Yes|c-yes|HsT441,YES
HGNC:12858,ZAP70,ENSG00000115085,Light,zeta chain of T cell receptor associated protein kinase 70,P43403,7535,ZAP70|ZAP-70|STD,ZAP70
