Gene,Peptide,filename
EEF2K,YNAVTGEWLDDEVLIK,EEF2K-YNAVTGEWLDDEVLIK.svg
EEF2K,LTPQAFSHFTFER,EEF2K-LTPQAFSHFTFER.svg
PIK3C2B,LIESSLGSVATK,PIK3C2B-LIESSLGSVATK.svg
PIK3C2B,ISDVFLCR,PIK3C2B-ISDVFLCR.svg
BCKDK,LTDFPPIK,BCKDK-LTDFPPIK.svg
BCKDK,DVVTLLAEGLR,BCKDK-DVVTLLAEGLR.svg
DYRK3,VVPLTPEQALK,DYRK3-VVPLTPEQALK.svg
DYRK3,VVNPASAFQGLGSK,DYRK3-VVNPASAFQGLGSK.svg
MAST3,LQEFLTAYAPGAR,MAST3-LQEFLTAYAPGAR.svg
MAST3,TDLPQYIIGQLGLAK,MAST3-TDLPQYIIGQLGLAK.svg
PHKG2,LSPEQLEEVR,PHKG2-LSPEQLEEVR.svg
PHKG2,LLQVDPEAR,PHKG2-LLQVDPEAR.svg
CSNK2A2,VYAEVNSLR,CSNK2A2-VYAEVNSLR.svg
CSNK2A2,VLGTEELYGYLK,CSNK2A2-VLGTEELYGYLK.svg
CDK11B,AYTPVVVTLWYR,CDK11B-AYTPVVVTLWYR.svg
CDK17,ASLSEIGFGK,CDK17-ASLSEIGFGK.svg
CDK17,LDSEGIELITK,CDK17-LDSEGIELITK.svg
CDK18,ASLSDIGFGK,CDK18-ASLSDIGFGK.svg
CDK18,LGEGTYATVFK,CDK18-LGEGTYATVFK.svg
DDR1,GHPLLVAVK,DDR1-GHPLLVAVK.svg
DDR1,NLYAGDYYR,DDR1-NLYAGDYYR.svg
STK3,LSEDSLTK,STK3-LSEDSLTK.svg
STK3,TLIEDEIATILK,STK3-TLIEDEIATILK.svg
PRPF4B,SINEENGEVSEDQSQNK,PRPF4B-SINEENGEVSEDQSQNK.svg
PRPF4B,LDDLALLEDLEK,PRPF4B-LDDLALLEDLEK.svg
CAMK1,DVLGTGAFSEVILAEDK,CAMK1-DVLGTGAFSEVILAEDK.svg
CAMK1,LIFQVLDAVK,CAMK1-LIFQVLDAVK.svg
CDK10,DTQTDEIVALK,CDK10-DTQTDEIVALK.svg
CDK10,DGIPISSLR,CDK10-DGIPISSLR.svg
DDR2,YLSSLNFVHR,DDR2-YLSSLNFVHR.svg
DDR2,NLYSGDYYR,DDR2-NLYSGDYYR.svg
LRRK1,YFIEASPLPSSYPGK,LRRK1-YFIEASPLPSSYPGK.svg
LRRK1,VTIYSFTGNQR,LRRK1-VTIYSFTGNQR.svg
ADCK5,AADALVAGAISNGGLYVK,ADCK5-AADALVAGAISNGGLYVK.svg
ADCK5,AINVALGAPVDR,ADCK5-AINVALGAPVDR.svg
CDC42BPA,GPLGIDPQK,CDC42BPA-GPLGIDPQK.svg
CDC42BPA,LFLYDIAEGK,CDC42BPA-LFLYDIAEGK.svg
MAST2,VAISTTPLENTSIK,MAST2-VAISTTPLENTSIK.svg
MAST2,EDPALSITQVPDASGDR,MAST2-EDPALSITQVPDASGDR.svg
SCYL2,LGSSSLTNIPEEVR,SCYL2-LGSSSLTNIPEEVR.svg
SCYL2,LILPELGPVFK,SCYL2-LILPELGPVFK.svg
NRK,EEPQVQALQQLQGAAR,NRK-EEPQVQALQQLQGAAR.svg
NRK,LLVDIHVPDGFK,NRK-LLVDIHVPDGFK.svg
TLK2,AEPYETSQGK,TLK2-AEPYETSQGK.svg
TLK2,ISALENSK,TLK2-ISALENSK.svg
STK32C,EPLPAPESR,STK32C-EPLPAPESR.svg
STK32C,DAAEPVEDEAER,STK32C-DAAEPVEDEAER.svg
DGKH,ILNSDEHAVVISSAK,DGKH-ILNSDEHAVVISSAK.svg
DGKH,GAELLHLER,DGKH-GAELLHLER.svg
VRK2,AANLLLGYK,VRK2-AANLLLGYK.svg
VRK2,TNLLDELPQSVLK,VRK2-TNLLDELPQSVLK.svg
PRAG1,LGGLYTQSLAR,PRAG1-LGGLYTQSLAR.svg
PRAG1,LAPEIVSASQYR,PRAG1-LAPEIVSASQYR.svg
CAMK1D,ETLGTGAFSEVVLAEEK,CAMK1D-ETLGTGAFSEVVLAEEK.svg
CAMK1D,ESSIENEIAVLR,CAMK1D-ESSIENEIAVLR.svg
SCYL3,LVPLLLNQLVFAEPVAVK,SCYL3-LVPLLLNQLVFAEPVAVK.svg
SCYL3,DYYNTLLQTGDPFSQPIK,SCYL3-DYYNTLLQTGDPFSQPIK.svg
NEK11,LGSGSFGTVYLVSDK,NEK11-LGSGSFGTVYLVSDK.svg
NEK11,IVEGDTPSLPER,NEK11-IVEGDTPSLPER.svg
NEK7,GQFSEVYR,NEK7-GQFSEVYR.svg
NEK7,AACLLDGVPVALK,NEK7-AACLLDGVPVALK.svg
NEK7,VQIFDLMDAK,NEK7-VQIFDLMDAK.svg
TBCK,ALSPHNILLDR,TBCK-ALSPHNILLDR.svg
TBCK,LFQSLDISER,TBCK-LFQSLDISER.svg
DYRK2,APEVILGAR,DYRK2-APEVILGAR.svg
DYRK2,ITESTGAITSISK,DYRK2-ITESTGAITSISK.svg
MARK4,AENLLLDAEANIK,MARK4-AENLLLDAEANIK.svg
MARK4,FLVLNPAK,MARK4-FLVLNPAK.svg
LMTK3,GAGETLAGDPAEVLGER,LMTK3-GAGETLAGDPAEVLGER.svg
LMTK3,LFLDLGPPQGNSEQIK,LMTK3-LFLDLGPPQGNSEQIK.svg
RPS6KC1,DLNPNNILLNDR,RPS6KC1-DLNPNNILLNDR.svg
MAP3K14,TEDNEGVLLTEK,MAP3K14-TEDNEGVLLTEK.svg
MAP3K14,EIPPSCAPLTAQAIQEGLR,MAP3K14-EIPPSCAPLTAQAIQEGLR.svg
PKMYT1,SLPPPPPAK,PKMYT1-SLPPPPPAK.svg
PKMYT1,ATAEALLALPVLR,PKMYT1-ATAEALLALPVLR.svg
PKMYT1,GSFPSFEPR,PKMYT1-GSFPSFEPR.svg
PIP5K1A,SVDSSGETTYK,PIP5K1A-SVDSSGETTYK.svg
PIP5K1A,LEVAESEFTH,PIP5K1A-LEVAESEFTH.svg
POMK,VALSQLTSLEMK,POMK-VALSQLTSLEMK.svg
POMK,SQTPSERPTAQDVLETYQK,POMK-SQTPSERPTAQDVLETYQK.svg
CLK4,ESWGHESYR,CLK4-ESWGHESYR.svg
CLK4,DIESGYR,CLK4-DIESGYR.svg
CSNK1G1,LDFFEKPDYEYLR,CSNK1G1-LDFFEKPDYEYLR.svg
CSNK1G1,TLFTDLFEK,CSNK1G1-TLFTDLFEK.svg
STK36,LGATPQESSLLAGILASELK,STK36-LGATPQESSLLAGILASELK.svg
STK36,SLQQEPGIHQVLVSLGASEK,STK36-SLQQEPGIHQVLVSLGASEK.svg
NRBP2,VIFITEYVSSGSLK,NRBP2-VIFITEYVSSGSLK.svg
NRBP2,LAAFLESTFLK,NRBP2-LAAFLESTFLK.svg
STK32B,ALMPGFVPNK,STK32B-ALMPGFVPNK.svg
STK32B,EEFIIFNR,STK32B-EEFIIFNR.svg
STK17A,IVDFGLSR,STK17A-IVDFGLSR.svg
STK17A,FEEPLLQEIPGEFIY,STK17A-FEEPLLQEIPGEFIY.svg
CDK11A,AYTPVVVTQWYR,CDK11A-AYTPVVVTQWYR.svg
CDK11A,APELLLGAK,CDK11A-APELLLGAK.svg
DYRK1B,AFLNQAQIELR,DYRK1B-AFLNQAQIELR.svg
DYRK1B,LQEVLGVQTGGPGGR,DYRK1B-LQEVLGVQTGGPGGR.svg
CDC42BPB,ELEAQLDDAVAEASK,CDC42BPB-ELEAQLDDAVAEASK.svg
CDC42BPB,AILTAAIVDADR,CDC42BPB-AILTAAIVDADR.svg
CSNK1G3,GTGSSSSGVLMVGPNFR,CSNK1G3-GTGSSSSGVLMVGPNFR.svg
CSNK1G3,DVKPENFLIGRPGNK,CSNK1G3-DVKPENFLIGRPGNK.svg
