Gene Symbol,Protein Name,Peptide Sequence,LOD (fmol)<sup>2</sup>,LOQ (fmol)<sup>3</sup>,Calibration Curve Equation
CDK12,Cyclin Dependent Kinase 12,DTGELVAL<b>K</b><sup>1</sup>,0.05,0.15,y=1.01x-0.16
CDK12,Cyclin Dependent Kinase 12,LCGSPCPAVWPDVI<b>K</b>,2.4,7.2,y=1.10x-1.28
CDK13,Cyclin Dependent Kinase 13,ICGSPCPAVWPDVI<b>K</b>,2.4,7.2,y=1.106x-0.66
CDK13,Cyclin Dependent Kinase 13,VENNLIVD<b>K</b>,0.08,0.24,y=1.03x-0.21
PKMYT1,"Protein Kinase, Membrane Associated Tyrosine/Threonine 1",ATAEALLALPVL<b>R</b>,0.04,0.12,y=1.09x-0.16
PKMYT1,"Protein Kinase, Membrane Associated Tyrosine/Threonine 1",GSFPSFEP<b>R</b>,0.14,0.42,y=1.01x-0.15
PKMYT1,"Protein Kinase, Membrane Associated Tyrosine/Threonine 1",SLPPPPPA<b>K</b>,0.35,1.05,y=1.13x-0.41
TLK2,Tousled Like Kinase 2,AEPYETSQG<b>K</b>,0.2,0.6,y=1.36x-0.05
TLK2,Tousled Like Kinase 2,ISALENS<b>K</b>,0.17,0.51,y=1.05x-0.30
CSNK1G1,Casein Kinase 1 Gamma 1,LDFFEKPDYEYL<b>R</b>,0.352,1.056,y=1.24x+-0.251
CSNK1G1,Casein Kinase 1 Gamma 1,TLFTDLFE<b>K</b>,0.179,0.537,y=1.21x+-0.536
CSNK1G3,Casein Kinase 1 Gamma 3,DVKPENFLIGRPGN<b>K</b>,0.101,0.303,y=1.32x+-0.123
CSNK1G3,Casein Kinase 1 Gamma 3,GTGSSSSGVLMVGPNF<b>R</b>,0.0202,0.0606,y=1.06x+-0.149
DGKH,Diacylglycerol Kinase Eta,GAELLHLE<b>R</b>,0.51,1.53,y=1.13x+-0.456
DGKH,Diacylglycerol Kinase Eta,ILNSDEHAVVISSA<b>K</b>,2.84,8.52,y=1.14x+0.538
ITPK1,Inositol-Tetrakisphosphate 1-Kinase,LLAEPAGGLVGE<b>R</b>,0.0582,0.1746,y=0.983x+-0.338
ITPR3,"Inositol 1,4,5-Trisphosphate Receptor Type 3",DYDSNLNAS<b>R</b>,0.0336,0.1008,y=1.11x+-0.0823
LMTK3,Lemur Tyrosine Kinase 3,GAGETLAGDPAEVLGE<b>R</b>,0.0177,0.0531,y=0.868x+-0.0802
LMTK3,Lemur Tyrosine Kinase 3,LFLDLGPPQGNSEQI<b>K</b>,0.398,1.194,y=1.08x+0.0648
LRRK1,Leucine Rich Repeat Kinase 1,VTIYSFTGNQ<b>R</b>,12.1,36.3,y=1.17x+-4.06
LRRK1,Leucine Rich Repeat Kinase 1,YFIEASPLPSSYPG<b>K</b>,0.198,0.594,y=1.37x+-0.102
MAP3K14,Mitogen-Activated Protein Kinase Kinase Kinase 14,EIPPSCAPLTAQAIQEGL<b>R</b>,0.134,0.402,y=1.04x+-1.24
MAP3K14,Mitogen-Activated Protein Kinase Kinase Kinase 14,TEDNEGVLLTE<b>K</b>,0.0985,0.2955,y=1.2x+-0.221
NRK,Nik Related Kinase,EEPQVQALQQLQGAA<b>R</b>,0.0487,0.1461,y=0.8x+-0.0778
NRK,Nik Related Kinase,LLVDIHVPDGF<b>K</b>,2.2,6.6,y=0.839x+5.23
PIK3C2B,Phosphatidylinositol-4-Phosphate 3-Kinase Catalytic Subunit Type 2 Beta,ISDVFLC<b>R</b>,1.02,3.06,y=1.53x+-0.431
PIK3C2B,Phosphatidylinositol-4-Phosphate 3-Kinase Catalytic Subunit Type 2 Beta,LIESSLGSVAT<b>K</b>,0.075,0.225,y=1.4x+-0.148
PIP5K1A,Phosphatidylinositol-4-Phosphate 5-Kinase Type 1 Alpha,LEVAESEFT<b>H</b>,0.0942,0.2826,y=1.06x+-0.138
PIP5K1A,Phosphatidylinositol-4-Phosphate 5-Kinase Type 1 Alpha,SVDSSGETTY<b>K</b>,0.0581,0.1743,y=1.23x+-0.127
STK3,Serine/Threonine Kinase 3,LSEDSLT<b>K</b>,2.65,7.95,y=0.961x+0.00242
STK3,Serine/Threonine Kinase 3,TLIEDEIATIL<b>K</b>,0.0572,0.1716,y=1.11x+-0.213
UCK1,Uridine-Cytidine Kinase 1,LFVDTDSDV<b>R</b>,0.0094,0.0282,y=0.962x+-0.0861
UCK1,Uridine-Cytidine Kinase 1,TVEVPTYDFVTHS<b>R</b>,0.168,0.504,y=1.19x+-0.429
UCK2,Uridine-Cytidine Kinase 2,IVQLLGQNEVDY<b>R</b>,2.77,8.31,y=0.55x+0.213
UCK2,Uridine-Cytidine Kinase 2,LFVDTDADT<b>R</b>,0.0598,0.1794,y=1.13x+-0.102
VRK2,VRK Serine/Threonine Kinase 2,AANLLLGY<b>K</b>,0.213,0.639,y=1.18x+-0.326
VRK2,VRK Serine/Threonine Kinase 2,TNLLDELPQSVL<b>K</b>,NA,NA,y=NAx+NA
CAMK1D,Calcium/Calmodulin Dependent Protein Kinase ID,ESSIENEIAVL<b>R</b>,4.62,13.86,y=0.85x-3.18
CAMK1D,Calcium/Calmodulin Dependent Protein Kinase ID,ETLGTGAFSEVVLAEE<b>K</b>,0.3,0.9,y=0.95x-0.14
CDC42BPA,CDC42 Binding Protein Kinase Alpha,GPLGIDPQ<b>K</b>,0.04,0.12,y=1.05x-0.1
CDC42BPA,CDC42 Binding Protein Kinase Alpha,LFLYDIAEG<b>K</b>,0.23,0.69,y=1.12x-0.25
CDC42BPB,CDC42 Binding Protein Kinase Beta,AILTAAIVDAD<b>R</b>,0.26,0.78,y=1.15x+0.01
CDC42BPB,CDC42 Binding Protein Kinase Beta,ELEAQLDDAVAEAS<b>K</b>,0.06,0.18,y=1.08x-0.35
MARK4,Microtubule Affinity Regulating Kinase 4,AENLLLDAEANI<b>K</b>,0.42,1.26,y=0.6x+0.04
MARK4,Microtubule Affinity Regulating Kinase 4,FLVLNPA<b>K</b>,0.22,0.66,y=1.15x-0.22
MAST2,Microtubule Associated Serine/Threonine Kinase 2,EDPALSITQVPDASGD<b>R</b>,0.11,0.33,y=0.87x-0.01
MAST2,Microtubule Associated Serine/Threonine Kinase 2,VAISTTPLENTSI<b>K</b>,0.07,0.21,y=1.02x-0.18
MAST3,Microtubule Associated Serine/Threonine Kinase 3,LQEFLTAYAPGA<b>R</b>,0.47,1.41,y=1.02x-0.05
MAST3,Microtubule Associated Serine/Threonine Kinase 3,TDLPQYIIGQLGLA<b>K</b>,0.09,0.27,y=1.12x-0.07
PHKG2,Phosphorylase Kinase Catalytic Subunit Gamma 2,LLQVDPEA<b>R</b>,0.12,0.36,y=0.93x-0.07
PHKG2,Phosphorylase Kinase Catalytic Subunit Gamma 2,LSPEQLEEV<b>R</b>,0.08,0.24,y=1.24x-0.15
RPS6KC1,Ribosomal Protein S6 Kinase C1,DLNPNNILLND<b>R</b>,0.18,0.54,y=1.01x-0.09
STK17A,Serine/Threonine Kinase 17a,FEEPLLQEIPGEFI<b>Y</b>,3.38,10.14,y=11.98x-4.77
STK17A,Serine/Threonine Kinase 17a,IVDFGLS<b>R</b>,0.34,1.02,y=1.2x-0.21
STK32B,Serine/Threonine Kinase 32b,ALMPGFVPN<b>K</b>,0.13,0.39,y=1.02x-0.24
STK32B,Serine/Threonine Kinase 32b,EEFIIFN<b>R</b>,0.36,1.08,y=1.02x-0.18
STK32C,Serine/Threonine Kinase 32c,DAAEPVEDEAE<b>R</b>,0.03,0.09,y=1.02x-0.12
STK32C,Serine/Threonine Kinase 32c,EPLPAPES<b>R</b>,0.24,0.72,y=1.2x-0.1
CDKL5,Cyclin Dependent Kinase Like 5,DIKPENLLISHNDVL<b>K</b>,0.8276,2.483,y=1.07x+0.32
CDKL5,Cyclin Dependent Kinase Like 5,NLSEGNNANYTEYVAT<b>R</b>,0.3331,0.9992,y=1.10x-0.59
CDK14,Cyclin Dependent Kinase 14,LQEEEGTPFTAI<b>R</b>,0.4306,1.292,y=0.90x+0.14
CDK14,Cyclin Dependent Kinase 14,LSYVNHAEDLAS<b>K</b>,0.143,0.429,y=1.03x-0.22
CDK16,Cyclin Dependent Kinase 16,LDSDGADLLT<b>K</b>,1.203,3.609,y=0.956x+0.95
CDK16,Cyclin Dependent Kinase 16,LPDTTSIFAL<b>K</b>,10.04,30.11,y=0.99x+3.06
CDK17,Cyclin Dependent Kinase 17,FLQYES<b>K</b>,0.524,1.572,y=0.95x-0.55
CDK17,Cyclin Dependent Kinase 17,IHALPESVSIFSL<b>K</b>,0.1792,0.5376,y=0.96x-0.05
CDK18,Cyclin Dependent Kinase 18,LDTDGIHLLSSLLLYES<b>K</b>,0.3689,1.107,y=0.86x+0.11
CDK18,Cyclin Dependent Kinase 18,LPQEFLQ<b>K</b>,0.1548,0.4645,y=1.07x-0.28
CDK10,Cyclin Dependent Kinase 10,FPWLSEAGL<b>R</b>,0.8737,2.621,y=1.12x-1.15
CDK10,Cyclin Dependent Kinase 10,TADFGLA<b>R</b>,0.1209,0.3627,y=1.12x-0.15
MAPK15,Mitogen-Activated Protein Kinase 15,APEVLLSSH<b>R</b>,1.213,3.638,y=1.13x+0.08
MAPK15,Mitogen-Activated Protein Kinase 15,MFSTSALQGAQGGA<b>R</b>,0.06565,0.1969,y=1.19x-0.28
MAPK15,Mitogen-Activated Protein Kinase 15,VASVQQVPP<b>R</b>,2.749,8.246,y=1.04x+0.28
CDKL2,Cyclin Dependent Kinase 2,DIKPENILVSQSGVV<b>K</b>,0.9162,2.749,y=1.06x-0.43
CDKL2,Cyclin Dependent Kinase 2,TLAAPGEVYTDYVAT<b>R</b>,4.251,12.75,y=0.89x+4.96
CDK15,Cyclin Dependent Kinase 15,DLKPQNLLISHLGEL<b>K</b>,0.8213,2.464,y=0.99x+0.35
CDK15,Cyclin Dependent Kinase 15,INGQLVAL<b>K</b>,0.3633,1.09,y=1.03x-0.08
CLK4,CDC Like Kinase 4,ITLDEALQHPFFDLL<b>K</b>,0.2064,0.6193,y=1.10x-0.16
CLK4,CDC Like Kinase 4,SEIQVLEHLNSTDPNSVF<b>R</b>,0.2591,0.7773,y=1.04x+0.01
ICK,Intestinal Cell Kinase,QHQASQPPLHLTYPY<b>K</b>,0.4431,1.329,y=0.96x+0.99
ICK,Intestinal Cell Kinase,QLGDGTYGSVLLG<b>R</b>,1.03,3.089,y=1.17x+0.30
CDK11A,Cyclin Dependent Kinase 11A,ELGTPSE<b>K</b>,0.2053,0.6159,y=0.95x-0.19
CDK11A,Cyclin Dependent Kinase 11A,IYIVMNYVEHDL<b>K</b>,0.4614,1.384,y=1.05x+0.05
DYRK1B,Dual Specificity Tyrosine Phosphorylation Regulated Kinase 1B,ISPLGALQHGFF<b>R</b>,0.06326,0.1898,y=1.24x-0.13
DYRK3,Dual Specificity Tyrosine Phosphorylation Regulated Kinase 3,VVNPASAFQGLGS<b>K</b>,1420,4260,y=NAx+NA
DYRK3,Dual Specificity Tyrosine Phosphorylation Regulated Kinase 3,VVPLTPEQAL<b>K</b>,0.1251,0.3753,y=1.17x-0.15
CSNK2A2,Casein Kinase 2 Alpha 2,VLGTEELYGYL<b>K</b>,0.2696,0.8089,y=1.01x-0.03
CSNK2A2,Casein Kinase 2 Alpha 2,VYAEVNSL<b>R</b>,0.01735,0.05206,y=0.98x-0.07
CDK11B,Cyclin Dependent Kinase 11B,AYTPVVVTLWY<b>R</b>,0.04798,0.1439,y=1.01x-0.07
CDK11B,Cyclin Dependent Kinase 11B,IWPGYSELPAV<b>K</b>,0.08251,0.2475,y=0.95x-0.17
CDK17,Cyclin Dependent Kinase 17,ASLSEIGFG<b>K</b>,0.2069,0.6207,y=0.94x-0.12
CDK17,Cyclin Dependent Kinase 17,LDSEGIELIT<b>K</b>,0.8516,2.555,y=1.36x-0.0006
CDK18,Cyclin Dependent Kinase 18,ASLSDIGFG<b>K</b>,3.753,11.26,y=1.24x+0.42
CDK18,Cyclin Dependent Kinase 18,LGEGTYATVF<b>K</b>,155,465,y=NAx+NA
PRPF4B,Pre-MRNA Processing Factor 4B,LDDLALLEDLE<b>K</b>,0.3352,1.006,y=0.81x+0.15
PRPF4B,Pre-MRNA Processing Factor 4B,SINEENGEVSEDQSQN<b>K</b>,1.995,5.985,y=0.78x+0.56
CDK10,Cyclin Dependent Kinase 10,DGIPISSL<b>R</b>,0.01933,0.05799,y=0.85x+0.15
CDK10,Cyclin Dependent Kinase 10,DTQTDEIVAL<b>K</b>,0.07964,0.2389,y=0.96x-0.20
DYRK2,Dual Specificity Tyrosine Phosphorylation Regulated Kinase 2,APEVILGA<b>R</b>,0.08224,0.2467,y=0.98x-0.12
DYRK2,Dual Specificity Tyrosine Phosphorylation Regulated Kinase 2,ITESTGAITSIS<b>K</b>,0.02801,0.08404,y=1.21x-0.12
CLK4,CDC Like Kinase 4,DIESGY<b>R</b>,2.954,8.863,y=1.13x-2.52
CLK4,CDC Like Kinase 4,ESWGHESY<b>R</b>,0.06478,0.1943,y=0.94x-0.30
CDK11A,Cyclin Dependent Kinase 11A,IWPGYSELPVV<b>K</b>,0.1632,0.4897,y=1.08x-0.22
DYRK1B,Dual Specificity Tyrosine Phosphorylation Regulated Kinase 1B,AFLNQAQIEL<b>R</b>,2.054,6.161,y=0.71x+0.29
DYRK1B,Dual Specificity Tyrosine Phosphorylation Regulated Kinase 1B,LQEVLGVQTGGPGG<b>R</b>,0.3524,1.057,y=1.10x-0.10
COQ8A,Coenzyme Q8A,AVLGSSPFLSEANAE<b>R</b>,0.02,0.06,y=1.12x-0.23
COQ8A,Coenzyme Q8A,VALLDFGAT<b>R</b>,0.04,0.12,y=0.96x-0.03
RIOK2,RIO Kinase 2,ESDIYIVANEEGQQFAL<b>K</b>,1.49,4.47,y=0.84x+0.01
RIOK2,RIO Kinase 2,FSYESELFPTF<b>K</b>,0.14,0.42,y=1.04x-0.17
EEF2K,Eukaryotic Elongation Factor 2 Kinase,LTPQAFSHFTFE<b>R</b>,0.51,1.53,y=1.04x-0.23
EEF2K,Eukaryotic Elongation Factor 2 Kinase,YNAVTGEWLDDEVLI<b>K</b>,0.89,2.67,y=1.16x-0.15
BCKDK,Branched Chain Ketoacid Dehydrogenase Kinase,DVVTLLAEGL<b>R</b>,0.02,0.06,y=1.13x-0.07
BCKDK,Branched Chain Ketoacid Dehydrogenase Kinase,LTDFPPI<b>K</b>,2.06,6.18,y=1.21x-3.31
ADCK5,AarF Domain Containing Kinase 5,AINVALGAPVD<b>R</b>,0.04,0.12,y=1.33x-0.25
SCYL2,SCY1 Like Pseudokinase 2,LGSSSLTNIPEEV<b>R</b>,0.54,1.62,y=0.94x+0.1
SCYL2,SCY1 Like Pseudokinase 2,LILPELGPVF<b>K</b>,0.28,0.84,y=1.1x+0.07
PRAG1,"PEAK1 Related, Kinase-Activating Pseudokinase 1",LAPEIVSASQY<b>R</b>,0.09,0.27,y=1.03x-0.01
PRAG1,"PEAK1 Related, Kinase-Activating Pseudokinase 1",LGGLYTQSLA<b>R</b>,0.08,0.24,y=1.01x-0.07
SCYL3,SCY1 Like Pseudokinase 3,DYYNTLLQTGDPFSQPI<b>K</b>,0.15,0.45,y=0.98x+0.02
SCYL3,SCY1 Like Pseudokinase 3,LVPLLLNQLVFAEPVAV<b>K</b>,0.4,1.2,y=0.86x+0.03
NEK11,NIMA Related Kinase 11,IVEGDTPSLPE<b>R</b>,0.04,0.12,y=1.03x-0.08
NEK11,NIMA Related Kinase 11,LGSGSFGTVYLVSD<b>K</b>,1.56,4.68,y=0.7x+0.89
NEK9,NIMA Related Kinase 9,GAFGEATLY<b>R</b>,0.11,0.33,y=1.07x+0.07
NEK7,NIMA Related Kinase 7,AACLLDGVPVAL<b>K</b>,0.17,0.51,y=1.1x-0.1
NEK7,NIMA Related Kinase 7,GQFSEVY<b>R</b>,0.16,0.48,y=1.12x-0.03
NEK7,NIMA Related Kinase 7,RPDVTYVYDVA<b>K</b>,182.7,548,y=NAx+NA
NEK7,NIMA Related Kinase 7,VQIFDLMDA<b>K</b>,3.84,11.52,y=1.18x-3.46
TBCK,TBC1 Domain Containing Kinase,ALSPHNILLD<b>R</b>,1.68,5.04,y=0.96x-0.2
TBCK,TBC1 Domain Containing Kinase,LFQSLDISE<b>R</b>,0.24,0.72,y=1.12x-0.06
POMK,Protein-O-Mannose Kinase,SQTPSERPTAQDVLETYQ<b>K</b>,0.47,1.41,y=0.71x+0.09
POMK,Protein-O-Mannose Kinase,VALSQLTSLEM<b>K</b>,1.01,3.03,y=1.1x+0.07
STK36,Serine/Threonine Kinase 36,LGATPQESSLLAGILASEL<b>K</b>,0.92,2.76,y=0.66x+0.98
STK36,Serine/Threonine Kinase 36,SLQQEPGIHQVLVSLGASE<b>K</b>,0.05,0.15,y=0.57x-0.33
NRBP2,Nuclear Receptor Binding Protein 2,LAAFLESTFL<b>K</b>,0.1,0.3,y=0.98x-0.09
NRBP2,Nuclear Receptor Binding Protein 2,VIFITEYVSSGSL<b>K</b>,0.15,0.45,y=1.48x-0.22
