Gene Symbol,Protein Name,Peptide Identifier,Peptide Sequence
CDK12,Cyclin Dependent Kinase 12,CDK12-DTG,DTGELVAL<b>K</b><sup>1</sup>
CDK12,Cyclin Dependent Kinase 12,CDK12-LCG,LCGSPCPAVWPDVI<b>K</b>
CDK13,Cyclin Dependent Kinase 13,CDK13-ICG,ICGSPCPAVWPDVI<b>K</b>
CDK13,Cyclin Dependent Kinase 13,CDK13-VEN,VENNLIVD<b>K</b>
PKMYT1,"Protein Kinase, Membrane Associated Tyrosine/Threonine 1",PKMYT1-ATA,ATAEALLALPVL<b>R</b>
PKMYT1,"Protein Kinase, Membrane Associated Tyrosine/Threonine 1",PKMYT1-GSF,GSFPSFEP<b>R</b>
PKMYT1,"Protein Kinase, Membrane Associated Tyrosine/Threonine 1",PKMYT1-SLP,SLPPPPPA<b>K</b>
TLK2,Tousled Like Kinase 2,TLK2-AEP,AEPYETSQG<b>K</b>
TLK2,Tousled Like Kinase 2,TLK2-ISA,ISALENS<b>K</b>
CSNK1G1,Casein Kinase 1 Gamma 1,CSNK1G1-LDF,LDFFEKPDYEYL<b>R</b>
CSNK1G1,Casein Kinase 1 Gamma 1,CSNK1G1-TLF,TLFTDLFE<b>K</b>
CSNK1G3,Casein Kinase 1 Gamma 3,CSNK1G3-DVK,DVKPENFLIGRPGN<b>K</b>
CSNK1G3,Casein Kinase 1 Gamma 3,CSNK1G3-GTG,GTGSSSSGVLMVGPNF<b>R</b>
DGKH,Diacylglycerol Kinase Eta,DGKH-GAE,GAELLHLE<b>R</b>
DGKH,Diacylglycerol Kinase Eta,DGKH-ILN,ILNSDEHAVVISSA<b>K</b>
ITPK1,Inositol-Tetrakisphosphate 1-Kinase,ITPK1-LLA,LLAEPAGGLVGE<b>R</b>
ITPR3,"Inositol 1,4,5-Trisphosphate Receptor Type 3",ITPR3-DYD,DYDSNLNAS<b>R</b>
LMTK3,Lemur Tyrosine Kinase 3,LMTK3-GAG,GAGETLAGDPAEVLGE<b>R</b>
LMTK3,Lemur Tyrosine Kinase 3,LMTK3-LFL,LFLDLGPPQGNSEQI<b>K</b>
LRRK1,Leucine Rich Repeat Kinase 1,LRRK1-VTI,VTIYSFTGNQ<b>R</b>
LRRK1,Leucine Rich Repeat Kinase 1,LRRK1-YFI,YFIEASPLPSSYPG<b>K</b>
MAP3K14,Mitogen-Activated Protein Kinase Kinase Kinase 14,MAP3K14-EIP,EIPPSCAPLTAQAIQEGL<b>R</b>
MAP3K14,Mitogen-Activated Protein Kinase Kinase Kinase 14,MAP3K14-TED,TEDNEGVLLTE<b>K</b>
NRK,Nik Related Kinase,NRK-EEP,EEPQVQALQQLQGAA<b>R</b>
NRK,Nik Related Kinase,NRK-LLV,LLVDIHVPDGF<b>K</b>
PIK3C2B,Phosphatidylinositol-4-Phosphate 3-Kinase Catalytic Subunit Type 2 Beta,PIK3C2B-ISD,ISDVFLC<b>R</b>
PIK3C2B,Phosphatidylinositol-4-Phosphate 3-Kinase Catalytic Subunit Type 2 Beta,PIK3C2B-LIE,LIESSLGSVAT<b>K</b>
PIP5K1A,Phosphatidylinositol-4-Phosphate 5-Kinase Type 1 Alpha,PIP5K1A-LEV,LEVAESEFT<b>H</b>
PIP5K1A,Phosphatidylinositol-4-Phosphate 5-Kinase Type 1 Alpha,PIP5K1A-SVD,SVDSSGETTY<b>K</b>
STK3,Serine/Threonine Kinase 3,STK3-LSE,LSEDSLT<b>K</b>
STK3,Serine/Threonine Kinase 3,STK3-TLI,TLIEDEIATIL<b>K</b>
UCK1,Uridine-Cytidine Kinase 1,UCK1-LFV,LFVDTDSDV<b>R</b>
UCK1,Uridine-Cytidine Kinase 1,UCK1-TVE,TVEVPTYDFVTHS<b>R</b>
UCK2,Uridine-Cytidine Kinase 2,UCK2-IVQ,IVQLLGQNEVDY<b>R</b>
UCK2,Uridine-Cytidine Kinase 2,UCK2-LFV,LFVDTDADT<b>R</b>
VRK2,VRK Serine/Threonine Kinase 2,VRK2-AAN,AANLLLGY<b>K</b>
VRK2,VRK Serine/Threonine Kinase 2,VRK2-TNL,TNLLDELPQSVL<b>K</b>
CAMK1D,Calcium/Calmodulin Dependent Protein Kinase ID,CAMK1D-ESS,ESSIENEIAVL<b>R</b>
CAMK1D,Calcium/Calmodulin Dependent Protein Kinase ID,CAMK1D-ETL,ETLGTGAFSEVVLAEE<b>K</b>
CDC42BPA,CDC42 Binding Protein Kinase Alpha,CDC42BPA-GPL,GPLGIDPQ<b>K</b>
CDC42BPA,CDC42 Binding Protein Kinase Alpha,CDC42BPA-LFL,LFLYDIAEG<b>K</b>
CDC42BPB,CDC42 Binding Protein Kinase Beta,CDC42BPB-AIL,AILTAAIVDAD<b>R</b>
CDC42BPB,CDC42 Binding Protein Kinase Beta,CDC42BPB-ELE,ELEAQLDDAVAEAS<b>K</b>
MARK4,Microtubule Affinity Regulating Kinase 4,MARK4-AEN,AENLLLDAEANI<b>K</b>
MARK4,Microtubule Affinity Regulating Kinase 4,MARK4-FLV,FLVLNPA<b>K</b>
MAST2,Microtubule Associated Serine/Threonine Kinase 2,MAST2-EDP,EDPALSITQVPDASGD<b>R</b>
MAST2,Microtubule Associated Serine/Threonine Kinase 2,MAST2-VAI,VAISTTPLENTSI<b>K</b>
MAST3,Microtubule Associated Serine/Threonine Kinase 3,MAST3-LQE,LQEFLTAYAPGA<b>R</b>
MAST3,Microtubule Associated Serine/Threonine Kinase 3,MAST3-TDL,TDLPQYIIGQLGLA<b>K</b>
PHKG2,Phosphorylase Kinase Catalytic Subunit Gamma 2,PHKG2-LLQ,LLQVDPEA<b>R</b>
PHKG2,Phosphorylase Kinase Catalytic Subunit Gamma 2,PHKG2-LSP,LSPEQLEEV<b>R</b>
RPS6KC1,Ribosomal Protein S6 Kinase C1,RPS6KC1-DLN,DLNPNNILLND<b>R</b>
STK17A,Serine/Threonine Kinase 17a,STK17A-FEE,FEEPLLQEIPGEFI<b>Y</b>
STK17A,Serine/Threonine Kinase 17a,STK17A-IVD,IVDFGLS<b>R</b>
STK32B,Serine/Threonine Kinase 32b,STK32B-ALM,ALMPGFVPN<b>K</b>
STK32B,Serine/Threonine Kinase 32b,STK32B-EEF,EEFIIFN<b>R</b>
STK32C,Serine/Threonine Kinase 32c,STK32C-DAA,DAAEPVEDEAE<b>R</b>
STK32C,Serine/Threonine Kinase 32c,STK32C-EPL,EPLPAPES<b>R</b>
CDKL5,Cyclin Dependent Kinase Like 5,CDKL5-DIK,DIKPENLLISHNDVL<b>K</b>
CDKL5,Cyclin Dependent Kinase Like 5,CDKL5-NLS,NLSEGNNANYTEYVAT<b>R</b>
CDK14,Cyclin Dependent Kinase 14,CDK14-LQE,LQEEEGTPFTAI<b>R</b>
CDK14,Cyclin Dependent Kinase 14,CDK14-LSY,LSYVNHAEDLAS<b>K</b>
CDK16,Cyclin Dependent Kinase 16,CDK16-LDS,LDSDGADLLT<b>K</b>
CDK16,Cyclin Dependent Kinase 16,CDK16-LPD,LPDTTSIFAL<b>K</b>
CDK17,Cyclin Dependent Kinase 17,CDK17-FLQ,FLQYES<b>K</b>
CDK17,Cyclin Dependent Kinase 17,CDK17-IHA,IHALPESVSIFSL<b>K</b>
CDK18,Cyclin Dependent Kinase 18,CDK18-LDT,LDTDGIHLLSSLLLYES<b>K</b>
CDK18,Cyclin Dependent Kinase 18,CDK18-LPQ,LPQEFLQ<b>K</b>
CDK10,Cyclin Dependent Kinase 10,CDK10-FPW,FPWLSEAGL<b>R</b>
CDK10,Cyclin Dependent Kinase 10,CDK10-TAD,TADFGLA<b>R</b>
MAPK15,Mitogen-Activated Protein Kinase 15,MAPK15-APE,APEVLLSSH<b>R</b>
MAPK15,Mitogen-Activated Protein Kinase 15,MAPK15-MFS,MFSTSALQGAQGGA<b>R</b>
MAPK15,Mitogen-Activated Protein Kinase 15,MAPK15-VAS,VASVQQVPP<b>R</b>
CDKL2,Cyclin Dependent Kinase 2,CDKL2-DIK,DIKPENILVSQSGVV<b>K</b>
CDKL2,Cyclin Dependent Kinase 2,CDKL2-TLA,TLAAPGEVYTDYVAT<b>R</b>
CDK15,Cyclin Dependent Kinase 15,CDK15-DLK,DLKPQNLLISHLGEL<b>K</b>
CDK15,Cyclin Dependent Kinase 15,CDK15-ING,INGQLVAL<b>K</b>
CLK4,CDC Like Kinase 4,CLK4-ITL,ITLDEALQHPFFDLL<b>K</b>
CLK4,CDC Like Kinase 4,CLK4-SEI,SEIQVLEHLNSTDPNSVF<b>R</b>
ICK,Intestinal Cell Kinase,ICK-QHQ,QHQASQPPLHLTYPY<b>K</b>
ICK,Intestinal Cell Kinase,ICK-QLG,QLGDGTYGSVLLG<b>R</b>
CDK11A,Cyclin Dependent Kinase 11A,CDK11A-ELG,ELGTPSE<b>K</b>
CDK11A,Cyclin Dependent Kinase 11A,CDK11A-IYI,IYIVMNYVEHDL<b>K</b>
DYRK1B,Dual Specificity Tyrosine Phosphorylation Regulated Kinase 1B,DYRK1B-ISP,ISPLGALQHGFF<b>R</b>
DYRK3,Dual Specificity Tyrosine Phosphorylation Regulated Kinase 3,DYRK3-VVN,VVNPASAFQGLGS<b>K</b>
DYRK3,Dual Specificity Tyrosine Phosphorylation Regulated Kinase 3,DYRK3-VVP,VVPLTPEQAL<b>K</b>
CSNK2A2,Casein Kinase 2 Alpha 2,CSNK2A2-VLG,VLGTEELYGYL<b>K</b>
CSNK2A2,Casein Kinase 2 Alpha 2,CSNK2A2-VYA,VYAEVNSL<b>R</b>
CDK11B,Cyclin Dependent Kinase 11B,CDK11B-AYT,AYTPVVVTLWY<b>R</b>
CDK11B,Cyclin Dependent Kinase 11B,CDK11B-IWP,IWPGYSELPAV<b>K</b>
CDK17,Cyclin Dependent Kinase 17,CDK17-ASL,ASLSEIGFG<b>K</b>
CDK17,Cyclin Dependent Kinase 17,CDK17-LDS,LDSEGIELIT<b>K</b>
CDK18,Cyclin Dependent Kinase 18,CDK18-ASL,ASLSDIGFG<b>K</b>
CDK18,Cyclin Dependent Kinase 18,CDK18-LGE,LGEGTYATVF<b>K</b>
PRPF4B,Pre-MRNA Processing Factor 4B,PRPF4B-LDD,LDDLALLEDLE<b>K</b>
PRPF4B,Pre-MRNA Processing Factor 4B,PRPF4B-SIN,SINEENGEVSEDQSQN<b>K</b>
CDK10,Cyclin Dependent Kinase 10,CDK10-DGI,DGIPISSL<b>R</b>
CDK10,Cyclin Dependent Kinase 10,CDK10-DTQ,DTQTDEIVAL<b>K</b>
DYRK2,Dual Specificity Tyrosine Phosphorylation Regulated Kinase 2,DYRK2-APE,APEVILGA<b>R</b>
DYRK2,Dual Specificity Tyrosine Phosphorylation Regulated Kinase 2,DYRK2-ITE,ITESTGAITSIS<b>K</b>
CLK4,CDC Like Kinase 4,CLK4-DIE,DIESGY<b>R</b>
CLK4,CDC Like Kinase 4,CLK4-ESW,ESWGHESY<b>R</b>
CDK11A,Cyclin Dependent Kinase 11A,CDK11A-IWP,IWPGYSELPVV<b>K</b>
DYRK1B,Dual Specificity Tyrosine Phosphorylation Regulated Kinase 1B,DYRK1B-AFL,AFLNQAQIEL<b>R</b>
DYRK1B,Dual Specificity Tyrosine Phosphorylation Regulated Kinase 1B,DYRK1B-LQE,LQEVLGVQTGGPGG<b>R</b>
COQ8A,Coenzyme Q8A,COQ8A-AVL,AVLGSSPFLSEANAE<b>R</b>
COQ8A,Coenzyme Q8A,COQ8A-VAL,VALLDFGAT<b>R</b>
RIOK2,RIO Kinase 2,RIOK2 -ESD,ESDIYIVANEEGQQFAL<b>K</b>
RIOK2,RIO Kinase 2,RIOK2 -FSY,FSYESELFPTF<b>K</b>
EEF2K,Eukaryotic Elongation Factor 2 Kinase,EEF2K-LTP,LTPQAFSHFTFE<b>R</b>
EEF2K,Eukaryotic Elongation Factor 2 Kinase,EEF2K-YNA,YNAVTGEWLDDEVLI<b>K</b>
BCKDK,Branched Chain Ketoacid Dehydrogenase Kinase,BCKDK-DVV,DVVTLLAEGL<b>R</b>
BCKDK,Branched Chain Ketoacid Dehydrogenase Kinase,BCKDK-LTD,LTDFPPI<b>K</b>
ADCK5,AarF Domain Containing Kinase 5,ADCK5-AIN,AINVALGAPVD<b>R</b>
SCYL2,SCY1 Like Pseudokinase 2,SCYL2-LGS,LGSSSLTNIPEEV<b>R</b>
SCYL2,SCY1 Like Pseudokinase 2,SCYL2-LIL,LILPELGPVF<b>K</b>
PRAG1,"PEAK1 Related, Kinase-Activating Pseudokinase 1",PRAG1-LAP,LAPEIVSASQY<b>R</b>
PRAG1,"PEAK1 Related, Kinase-Activating Pseudokinase 1",PRAG1-LGG,LGGLYTQSLA<b>R</b>
SCYL3,SCY1 Like Pseudokinase 3,SCYL3-DYY,DYYNTLLQTGDPFSQPI<b>K</b>
SCYL3,SCY1 Like Pseudokinase 3,SCYL3-LVP,LVPLLLNQLVFAEPVAV<b>K</b>
NEK11,NIMA Related Kinase 11,NEK11-IVE,IVEGDTPSLPE<b>R</b>
NEK11,NIMA Related Kinase 11,NEK11-LGS,LGSGSFGTVYLVSD<b>K</b>
NEK9,NIMA Related Kinase 9,NEK9-GAF,GAFGEATLY<b>R</b>
NEK7,NIMA Related Kinase 7,NEK7-AAC,AACLLDGVPVAL<b>K</b>
NEK7,NIMA Related Kinase 7,NEK7-GQF,GQFSEVY<b>R</b>
NEK7,NIMA Related Kinase 7,NEK7-RPD,RPDVTYVYDVA<b>K</b>
NEK7,NIMA Related Kinase 7,NEK7-VQI,VQIFDLMDA<b>K</b>
TBCK,TBC1 Domain Containing Kinase,TBCK-ALS,ALSPHNILLD<b>R</b>
TBCK,TBC1 Domain Containing Kinase,TBCK-LFQ,LFQSLDISE<b>R</b>
POMK,Protein-O-Mannose Kinase,POMK-SQT,SQTPSERPTAQDVLETYQ<b>K</b>
POMK,Protein-O-Mannose Kinase,POMK-VAL,VALSQLTSLEM<b>K</b>
STK36,Serine/Threonine Kinase 36,STK36-LGA,LGATPQESSLLAGILASEL<b>K</b>
STK36,Serine/Threonine Kinase 36,STK36-SLQ,SLQQEPGIHQVLVSLGASE<b>K</b>
NRBP2,Nuclear Receptor Binding Protein 2,NRBP2-LAA,LAAFLESTFL<b>K</b>
NRBP2,Nuclear Receptor Binding Protein 2,NRBP2-VIF,VIFITEYVSSGSL<b>K</b>
