Gene,Peptide,Reverse_filename
CDK12,DTGELVALK,CDK12-DTGELVALK-Reverse.svg
CDK12,LCGSPCPAVWPDVIK,CDK12-LCGSPCPAVWPDVIK-Reverse.svg
CDK13,ICGSPCPAVWPDVIK,CDK13-ICGSPCPAVWPDVIK-Reverse.svg
CDK13,VENNLIVDK,CDK13-VENNLIVDK-Reverse.svg
PKMYT1,ATAEALLALPVLR,PKMYT1-ATAEALLALPVLR-Reverse.svg
PKMYT1,GSFPSFEPR,PKMYT1-GSFPSFEPR-Reverse.svg
PKMYT1,SLPPPPPAK,PKMYT1-SLPPPPPAK-Reverse.svg
TLK2,AEPYETSQGK,TLK2-AEPYETSQGK-Reverse.svg
TLK2,ISALENSK,TLK2-ISALENSK-Reverse.svg
CSNK1G1,LDFFEKPDYEYLR,CSNK1G1-LDFFEKPDYEYLR-Reverse.svg
CSNK1G1,TLFTDLFEK,CSNK1G1-TLFTDLFEK-Reverse.svg
CSNK1G3,DVKPENFLIGRPGNK,CSNK1G3-DVKPENFLIGRPGNK-Reverse.svg
CSNK1G3,GTGSSSSGVLMVGPNFR,CSNK1G3-GTGSSSSGVLMVGPNFR-Reverse.svg
DGKH,GAELLHLER,DGKH-GAELLHLER-Reverse.svg
DGKH,ILNSDEHAVVISSAK,DGKH-ILNSDEHAVVISSAK-Reverse.svg
ITPK1,LLAEPAGGLVGER,ITPK1-LLAEPAGGLVGER-Reverse.svg
ITPR3,DYDSNLNASR,ITPR3-DYDSNLNASR-Reverse.svg
LMTK3,GAGETLAGDPAEVLGER,LMTK3-GAGETLAGDPAEVLGER-Reverse.svg
LMTK3,LFLDLGPPQGNSEQIK,LMTK3-LFLDLGPPQGNSEQIK-Reverse.svg
LRRK1,VTIYSFTGNQR,LRRK1-VTIYSFTGNQR-Reverse.svg
LRRK1,YFIEASPLPSSYPGK,LRRK1-YFIEASPLPSSYPGK-Reverse.svg
MAP3K14,EIPPSCAPLTAQAIQEGLR,MAP3K14-EIPPSCAPLTAQAIQEGLR-Reverse.svg
MAP3K14,TEDNEGVLLTEK,MAP3K14-TEDNEGVLLTEK-Reverse.svg
NRK,EEPQVQALQQLQGAAR,NRK-EEPQVQALQQLQGAAR-Reverse.svg
NRK,LLVDIHVPDGFK,NRK-LLVDIHVPDGFK-Reverse.svg
PIK3C2B,ISDVFLCR,PIK3C2B-ISDVFLCR-Reverse.svg
PIK3C2B,LIESSLGSVATK,PIK3C2B-LIESSLGSVATK-Reverse.svg
PIP5K1A,LEVAESEFTH,PIP5K1A-LEVAESEFTH-Reverse.svg
PIP5K1A,SVDSSGETTYK,PIP5K1A-SVDSSGETTYK-Reverse.svg
STK3,LSEDSLTK,STK3-LSEDSLTK-Reverse.svg
STK3,TLIEDEIATILK,STK3-TLIEDEIATILK-Reverse.svg
UCK1,TVEVPTYDFVTHSR,UCK1-TVEVPTYDFVTHSR-Reverse.svg
UCK2,IVQLLGQNEVDYR,UCK2-IVQLLGQNEVDYR-Reverse.svg
UCK2,LFVDTDADTR,UCK2-LFVDTDADTR-Reverse.svg
VRK2,AANLLLGYK,VRK2-AANLLLGYK-Reverse.svg
CAMK1D,ESSIENEIAVLR,CAMK1D-ESSIENEIAVLR-Reverse.svg
CAMK1D,ETLGTGAFSEVVLAEEK,CAMK1D-ETLGTGAFSEVVLAEEK-Reverse.svg
CDC42BPA,GPLGIDPQK,CDC42BPA-GPLGIDPQK-Reverse.svg
CDC42BPA,LFLYDIAEGK,CDC42BPA-LFLYDIAEGK-Reverse.svg
CDC42BPB,AILTAAIVDADR,CDC42BPB-AILTAAIVDADR-Reverse.svg
CDC42BPB,ELEAQLDDAVAEASK,CDC42BPB-ELEAQLDDAVAEASK-Reverse.svg
MARK4,AENLLLDAEANIK,MARK4-AENLLLDAEANIK-Reverse.svg
MARK4,FLVLNPAK,MARK4-FLVLNPAK-Reverse.svg
MAST2,EDPALSITQVPDASGDR,MAST2-EDPALSITQVPDASGDR-Reverse.svg
MAST2,VAISTTPLENTSIK,MAST2-VAISTTPLENTSIK-Reverse.svg
MAST3,LQEFLTAYAPGAR,MAST3-LQEFLTAYAPGAR-Reverse.svg
MAST3,TDLPQYIIGQLGLAK,MAST3-TDLPQYIIGQLGLAK-Reverse.svg
PHKG2,LLQVDPEAR,PHKG2-LLQVDPEAR-Reverse.svg
PHKG2,LSPEQLEEVR,PHKG2-LSPEQLEEVR-Reverse.svg
RPS6KC1,DLNPNNILLNDR,RPS6KC1-DLNPNNILLNDR-Reverse.svg
STK17A,FEEPLLQEIPGEFIY,STK17A-FEEPLLQEIPGEFIY-Reverse.svg
STK17A,IVDFGLSR,STK17A-IVDFGLSR-Reverse.svg
STK32B,ALMPGFVPNK,STK32B-ALMPGFVPNK-Reverse.svg
STK32B,EEFIIFNR,STK32B-EEFIIFNR-Reverse.svg
STK32C,DAAEPVEDEAER,STK32C-DAAEPVEDEAER-Reverse.svg
STK32C,EPLPAPESR,STK32C-EPLPAPESR-Reverse.svg
CDK10,DGIPISSLR,CDK10-DGIPISSLR-Reverse.svg
CDK10,DTQTDEIVALK,CDK10-DTQTDEIVALK-Reverse.svg
CDK10,FPWLSEAGLR,CDK10-FPWLSEAGLR-Reverse.svg
CDK10,TADFGLAR,CDK10-TADFGLAR-Reverse.svg
CDK11A,ELGTPSEK,CDK11A-ELGTPSEK-Reverse.svg
CDK11A,IWPGYSELPVVK,CDK11A-IWPGYSELPVVK-Reverse.svg
CDK11A,IYIVMNYVEHDLK,CDK11A-IYIVMNYVEHDLK-Reverse.svg
CDK11B,AYTPVVVTLWYR,CDK11B-AYTPVVVTLWYR-Reverse.svg
CDK11B,IWPGYSELPAVK,CDK11B-IWPGYSELPAVK-Reverse.svg
CDK14,LQEEEGTPFTAIR,CDK14-LQEEEGTPFTAIR-Reverse.svg
CDK14,LSYVNHAEDLASK,CDK14-LSYVNHAEDLASK-Reverse.svg
CDK15,DLKPQNLLISHLGELK,CDK15-DLKPQNLLISHLGELK-Reverse.svg
CDK15,INGQLVALK,CDK15-INGQLVALK-Reverse.svg
CDK16,LDSDGADLLTK,CDK16-LDSDGADLLTK-Reverse.svg
CDK16,LPDTTSIFALK,CDK16-LPDTTSIFALK-Reverse.svg
CDK17,ASLSEIGFGK,CDK17-ASLSEIGFGK-Reverse.svg
CDK17,FLQYESK,CDK17-FLQYESK-Reverse.svg
CDK17,IHALPESVSIFSLK,CDK17-IHALPESVSIFSLK-Reverse.svg
CDK17,LDSEGIELITK,CDK17-LDSEGIELITK-Reverse.svg
CDK18,ASLSDIGFGK,CDK18-ASLSDIGFGK-Reverse.svg
CDK18,LDTDGIHLLSSLLLYESK,CDK18-LDTDGIHLLSSLLLYESK-Reverse.svg
CDK18,LPQEFLQK,CDK18-LPQEFLQK-Reverse.svg
CDKL2,DIKPENILVSQSGVVK,CDKL2-DIKPENILVSQSGVVK-Reverse.svg
CDKL2,TLAAPGEVYTDYVATR,CDKL2-TLAAPGEVYTDYVATR-Reverse.svg
CDKL5,DIKPENLLISHNDVLK,CDKL5-DIKPENLLISHNDVLK-Reverse.svg
CDKL5,NLSEGNNANYTEYVATR,CDKL5-NLSEGNNANYTEYVATR-Reverse.svg
CLK4,DIESGYR,CLK4-DIESGYR-Reverse.svg
CLK4,ESWGHESYR,CLK4-ESWGHESYR-Reverse.svg
CLK4,ITLDEALQHPFFDLLK,CLK4-ITLDEALQHPFFDLLK-Reverse.svg
CLK4,SEIQVLEHLNSTDPNSVFR,CLK4-SEIQVLEHLNSTDPNSVFR-Reverse.svg
CSNK2A2,VLGTEELYGYLK,CSNK2A2-VLGTEELYGYLK-Reverse.svg
CSNK2A2,VYAEVNSLR,CSNK2A2-VYAEVNSLR-Reverse.svg
DYRK1B,AFLNQAQIELR,DYRK1B-AFLNQAQIELR-Reverse.svg
DYRK1B,ISPLGALQHGFFR,DYRK1B-ISPLGALQHGFFR-Reverse.svg
DYRK1B,LQEVLGVQTGGPGGR,DYRK1B-LQEVLGVQTGGPGGR-Reverse.svg
DYRK2,APEVILGAR,DYRK2-APEVILGAR-Reverse.svg
DYRK2,ITESTGAITSISK,DYRK2-ITESTGAITSISK-Reverse.svg
DYRK3,VVPLTPEQALK,DYRK3-VVPLTPEQALK-Reverse.svg
ICK,QHQASQPPLHLTYPYK,ICK-QHQASQPPLHLTYPYK-Reverse.svg
ICK,QLGDGTYGSVLLGR,ICK-QLGDGTYGSVLLGR-Reverse.svg
MAPK15,APEVLLSSHR,MAPK15-APEVLLSSHR-Reverse.svg
MAPK15,MFSTSALQGAQGGAR,MAPK15-MFSTSALQGAQGGAR-Reverse.svg
MAPK15,VASVQQVPPR,MAPK15-VASVQQVPPR-Reverse.svg
PRPF4B,LDDLALLEDLEK,PRPF4B-LDDLALLEDLEK-Reverse.svg
PRPF4B,SINEENGEVSEDQSQNK,PRPF4B-SINEENGEVSEDQSQNK-Reverse.svg
ADCK3 ,AVLGSSPFLSEANAER,ADCK3 -AVLGSSPFLSEANAER-Reverse.svg
ADCK3 ,VALLDFGATR,ADCK3 -VALLDFGATR-Reverse.svg
ADCK5,AINVALGAPVDR,ADCK5-AINVALGAPVDR-Reverse.svg
BCKDK,DVVTLLAEGLR,BCKDK-DVVTLLAEGLR-Reverse.svg
BCKDK,LTDFPPIK,BCKDK-LTDFPPIK-Reverse.svg
EEF2K,LTPQAFSHFTFER,EEF2K-LTPQAFSHFTFER-Reverse.svg
EEF2K,YNAVTGEWLDDEVLIK,EEF2K-YNAVTGEWLDDEVLIK-Reverse.svg
NEK11,IVEGDTPSLPER,NEK11-IVEGDTPSLPER-Reverse.svg
NEK11,LGSGSFGTVYLVSDK,NEK11-LGSGSFGTVYLVSDK-Reverse.svg
NEK7,AACLLDGVPVALK,NEK7-AACLLDGVPVALK-Reverse.svg
NEK7,GQFSEVYR,NEK7-GQFSEVYR-Reverse.svg
NEK7,VQIFDLMDAK,NEK7-VQIFDLMDAK-Reverse.svg
NEK9,GAFGEATLYR,NEK9-GAFGEATLYR-Reverse.svg
NRBP2,LAAFLESTFLK,NRBP2-LAAFLESTFLK-Reverse.svg
NRBP2,VIFITEYVSSGSLK,NRBP2-VIFITEYVSSGSLK-Reverse.svg
POMK,SQTPSERPTAQDVLETYQK,POMK-SQTPSERPTAQDVLETYQK-Reverse.svg
POMK,VALSQLTSLEMK,POMK-VALSQLTSLEMK-Reverse.svg
PRAG1,LAPEIVSASQYR,PRAG1-LAPEIVSASQYR-Reverse.svg
PRAG1,LGGLYTQSLAR,PRAG1-LGGLYTQSLAR-Reverse.svg
RIOK2 ,ESDIYIVANEEGQQFALK,RIOK2 -ESDIYIVANEEGQQFALK-Reverse.svg
RIOK2 ,FSYESELFPTFK,RIOK2 -FSYESELFPTFK-Reverse.svg
SCYL2,LGSSSLTNIPEEVR,SCYL2-LGSSSLTNIPEEVR-Reverse.svg
SCYL2,LILPELGPVFK,SCYL2-LILPELGPVFK-Reverse.svg
SCYL3,DYYNTLLQTGDPFSQPIK,SCYL3-DYYNTLLQTGDPFSQPIK-Reverse.svg
SCYL3,LVPLLLNQLVFAEPVAVK,SCYL3-LVPLLLNQLVFAEPVAVK-Reverse.svg
STK36,LGATPQESSLLAGILASELK,STK36-LGATPQESSLLAGILASELK-Reverse.svg
STK36,SLQQEPGIHQVLVSLGASEK,STK36-SLQQEPGIHQVLVSLGASEK-Reverse.svg
TBCK,ALSPHNILLDR,TBCK-ALSPHNILLDR-Reverse.svg
TBCK,LFQSLDISER,TBCK-LFQSLDISER-Reverse.svg
