Gene Target and ID,Targeting Sequence
non-targeting_00000__,CTGCATGGGGCGCGAATCA
non-targeting_00001__,TGCACCCGGCTAGGACCGG
non-targeting_00002__,TGTGCAACCTCCGCCGTTG
non-targeting_00003__,CCCGAGCAGTGGCTCGCTA
non-targeting_00004__,GTCAGGTAGAGGGATTGAG
non-targeting_00005__,GAGGACGATCGTACTCCAG
non-targeting_00006__,TATGGAGGGCTGGATCTGC
non-targeting_00007__,CCTTGGCTAAACCGCTCCC
non-targeting_00008__,GAGTCGGGTAAATAGACAA
non-targeting_00009__,AGTGGACGACCCTGTCAGG
ADCK1_S_10,CCGGCTTCCGGCCGCAACC
ADCK1_S_9,GTGAGTAGGGGCAGCTCGC
ADCK1_S_8,GGTGGCCCTGTGAGTTCCG
ADCK1_S_7,CGGAGCAGAGGCCGACTCC
ADCK1_S_6,TCCGGCCGCAACCCGGTAG
ADCK1_T_5,GCCCAGGTGACAAGGTCAT
ADCK1_T_4,GTCTTGCAGGCACCCGAGT
ADCK1_T_3,GCTGCCCCTACTCACCCCG
ADCK1_T_2,CCGCGGCTCTGCTTCCCTC
ADCK1_T_1,CTTCCCTCGGGGTGAGTAG
ADCK2_S_10,GCGCGGATCCGGCCCAGAT
ADCK2_S_9,CCCTGGCGCGTCTCCGTCA
ADCK2_S_8,TGTCAGACGGCACCAACTG
ADCK2_S_7,CCCGAGCGGGACCTCTGGG
ADCK2_S_6,TGCGACAGGCAAACCCTGA
ADCK2_T_5,GGCCCGCCCTCCACTTCAG
ADCK2_T_4,CGATCTCATACTGGCCCCT
ADCK2_T_3,CAGTATGAGATCGCTGGGG
ADCK2_T_2,AGGGTCACCGTGCGCCCAG
ADCK2_T_1,GGCCAGTATGAGATCGCTG
ADCK3_T_1,CGGCAGCGGGAAGGCGGTC
ADCK3_T_2,GGCGGCTAGAAGGTGACCG
ADCK3_T_3,CGCGGTGGCCAGCGCGCAG
ADCK3_T_4,CCCACTGCGTCCGGACCTG
ADCK3_T_5,CAGCGCGCAGAGGCGGGCG
ADCK3_S_6,GCGAGTTGGTAAACAGATC
ADCK3_S_7,TGGCCGCGAGCCTCAGGTC
ADCK3_S_8,TACCTGGCTGCAGGAAGCT
ADCK3_S_9,CAGATCCGGAGCGCGTGGC
ADCK3_S_10,GGCGGGTGGCAGCCTTACC
ADCK4_T_1,GCGGCCAGGTATGCATCTA
ADCK4_T_2,GGTGCCCTAGATGCATACC
ADCK4_T_3,CCGCGCTTCGGATGCTCAG
ADCK4_T_4,GAGGGTGGTTTAGTCACAG
ADCK4_T_5,AGCTGCAAGCAAAGGGTAG
ADCK4_S_6,CTGAACAATAGGGATGCCA
ADCK4_S_7,TGCATACCTGGCCGCGCTT
ADCK4_S_8,TCTCCAAGGCTGAACAATA
ADCK4_S_9,GCCCCGTAGCTGCAAGCAA
ADCK4_S_10,AAAGACTTGGAGTTCCCAC
ADCK5_S_10,CGACCGGTGAGGACTCTCC
ADCK5_S_9,AAAGCCCCGAGGGTCTCTA
ADCK5_S_8,GGCTGGTGTGCAGGATCTC
ADCK5_S_7,GCTAAGTGACAGGGACCAA
ADCK5_S_6,TGGTCGGAGATGTGGCGAC
ADCK5_T_5,GGAGATGTGGCGACCGGTG
ADCK5_T_4,TGGGCTGCGAGACGCTAAG
ADCK5_T_3,GGAGCAGTGGTCGGAGATG
ADCK5_T_2,AGAAGAGCGGAGCAGTGGT
ADCK5_T_1,GGGCCGGGAGAGTCCTCAC
ALPK2_S_10,ACTAGGTCATTGCTGAAGC
ALPK2_S_9,TCCCTGTGATGAAACTTGA
ALPK2_S_8,ATCAGGTCAAAGCATAGAT
ALPK2_S_7,AATCCCTGTCCCGGGAACA
ALPK2_S_6,CTTCTTCCAGAACTTCCCC
ALPK2_T_5,TGTGTGTGAGGCATTGATT
ALPK2_T_4,TCCATGCCCGGGGAAGTTC
ALPK2_T_3,AATGACCTAGTTCACTGAA
ALPK2_T_2,TCCCGGGACAGGGATTCAA
ALPK2_T_1,GACCTAGTTCACTGAAGGG
ALPK3_S_10,CTCACAGGGACTGATCCCA
ALPK3_S_9,CGGACTCGGAGCCGGCCCT
ALPK3_S_8,GGCCCTGGGGCGGGCACAT
ALPK3_S_7,CTCGGAGCCGGCCCTGGGG
ALPK3_S_6,TCCGAGTCCGCTCCCTTGG
ALPK3_T_5,TCCCGGGCCTCTCCAGACG
ALPK3_T_4,GGCTCCGAGTCCGCTCCCT
ALPK3_T_3,GCCGCCAAGGGAGCGGACT
ALPK3_T_2,GGCGCTACTGCAGACACCA
ALPK3_T_1,CAGACACCAGGGCCGCCAA
BCKDK_S_10,AAAGGACCTAGCCTCCCGG
BCKDK_S_9,ACCCAGGCGACCCAAAATG
BCKDK_S_8,CTGTTCGAGCCCTTCCGCT
BCKDK_S_7,CCTCCCAAGCCGGCCCCAG
BCKDK_S_6,TACCGCGGGGCCGGAGCCA
BCKDK_T_5,TCCGGCCCCGCGGTAAGTG
BCKDK_T_4,CCGCGGACTGAGTAGGCTG
BCKDK_T_3,TGCGGCACGGAGTCCCCAG
BCKDK_T_2,CGCCCACGCGACGTCACGG
BCKDK_T_1,GGGCCTCCGCGGACTGAGT
BRSK1_S_10,ACGCTGACATCACCATCCG
BRSK1_S_9,CGGGGGGCCGGCCAGAAAC
BRSK1_S_8,CGGAGGAGAGAGGGCGCGT
BRSK1_S_7,CCGGTCGGGCCGGGACCAA
BRSK1_S_6,TGGGCCATGCTGACTCCCG
BRSK1_T_5,GGCCCCCACCGGAGAGACG
BRSK1_T_4,GAGAGAAAGGACGAGGTGG
BRSK1_T_3,GTCAGCGTGCCGGAGAGAA
BRSK1_T_2,GTGCCGGAGAGAAAGGACG
BRSK1_T_1,CCGGAGAGAAAGGACGAGG
BRSK2_S_10,GCAGTATGTTGGGCCCTAC
BRSK2_S_9,CCCAGAGCGATGACATCGA
BRSK2_S_8,CGCGGGCGGCGCGAAGCAG
BRSK2_S_7,CATCGACGGGGAAGGACGG
BRSK2_S_6,TCAGCTGCACGGCTCGGCT
BRSK2_T_5,TGACATCGACGGGGAAGGA
BRSK2_T_4,CGGCGCGGACGGCACTCGG
BRSK2_T_3,CCGCCTCGTCGAGAGGACA
BRSK2_T_2,TCGGCTGCGCGGCCGCTGA
BRSK2_T_1,CCCAGCGCACGCCCGTCAG
C9orf96_T_1,GCCCTCAAATACTCAGCCA
C9orf96_T_2,CCACCCCGCGTGGGTCAGT
C9orf96_T_3,GGACGCCTGAGTGCCTCGA
C9orf96_T_4,CCCCAGGCACGAAGGATAG
C9orf96_T_5,TCGGGCGGGGAGGATCCCG
C9orf96_S_6,CCACGCGGGGTGGGGCCAG
C9orf96_S_7,CGTGGGTCAGTGGGACCCG
C9orf96_S_8,CCTCCCCGCAGGGAACACT
C9orf96_S_9,GGTCCCACTGACCCACGCG
C9orf96_S_10,GCCCTGGCTGAGTATTTGA
CAMK1D_S_10,GACCCTCGGAACGTAAGTG
CAMK1D_S_9,GGGAACGGCGCCCACCCGG
CAMK1D_S_8,AAAGAGGAAACTGCAGAGG
CAMK1D_S_7,CGCCGAGAACGGGACAATG
CAMK1D_S_6,CGGCAAAGGAGCCGGCGCG
CAMK1D_T_5,GCGGCGGCGAGAGCGAAAG
CAMK1D_T_4,GCGAAAGAGGAAACTGCAG
CAMK1D_T_3,CGGCGGTGGCAGGAGAAGT
CAMK1D_T_2,CAGGCGGCGGCAAAGGAGC
CAMK1D_T_1,CAAAGGAGCCGGCGCGCGG
CAMK1G_S_10,GGAACGAGAAGGGGTAAGC
CAMK1G_S_9,TGTGAGTAGACGCTGGCCT
CAMK1G_S_8,ATGTAGGTGATGACGCCGA
CAMK1G_S_7,CAGGCTTAGAGAAGAGGTC
CAMK1G_S_6,GCGTCTACTCACAATATGT
CAMK1G_T_5,TAGGGGCTGTGTCTCTTCT
CAMK1G_T_4,GAAAACTCCCTAAGGGTAG
CAMK1G_T_3,GGAAGACTGTGGGATGGTG
CAMK1G_T_2,GACACAGCCCCTACCCTTA
CAMK1G_T_1,GAGACTGAAAACTCCCTAA
CAMK1G_S_10,CTGCAATGCCTGCATTCTA
CAMK1G_S_9,GGACCCCGTCCATCTGCTG
CAMK1G_S_8,CTATCTGTCCGTCACTCCT
CAMK1G_S_7,GGATTCTTCCCGAGTCCCT
CAMK1G_S_6,GCGTGCAGCACCTAGTGAG
CAMK1G_T_5,AGATGGACGGGGTCCCTCT
CAMK1G_T_4,AAGCAGGGTTGTCTTACCC
CAMK1G_T_3,CAGCTCCTACAGGTCTGTG
CAMK1G_T_2,TTGTCTTACCCAGGGACTC
CAMK1G_T_1,CTAATCCTCACAGACCTGT
CAMKK1_S_10,GTCGCCCGGCGCCCAGGTA
CAMKK1_S_9,GCGCCCAGGTAGGGATCGG
CAMKK1_S_8,CGGTCCGCAGACAGAAGCG
CAMKK1_S_7,ACCTGCCCCGAGCCTGCAA
CAMKK1_S_6,TGCCAGGCCGCGTCTACGA
CAMKK1_T_5,GCGCGCAGCAGGAGCGAGT
CAMKK1_T_4,CCCCGAGCCTGCAAGGGAG
CAMKK1_T_3,CCGGCCCCGCAGACAGAAG
CAMKK1_T_2,TGGGCCCCAGCGAGGCGGT
CAMKK1_T_1,CCGCCCCACCGCCTCGCTG
CAMKK2_S_10,CCCAGAGGACGCGGGGGAA
CAMKK2_S_9,CCCGCCACGTGGAGGGACA
CAMKK2_S_8,ACGTGGGGTCCCTCCGTGT
CAMKK2_S_7,CCGGGGGCCGGGTCCGTCA
CAMKK2_S_6,AGCCGAGGAGGCCATCCCG
CAMKK2_T_5,CTGGGGCTCCCAACACGGA
CAMKK2_T_4,CTCCTCTCCTCCGCCCGGG
CAMKK2_T_3,CATGGCACACAAAGCCCGG
CAMKK2_T_2,GGCTACCGCCAGCTCACCT
CAMKK2_T_1,GCGCTCTGCGCCCCCAGCT
CAMKV_S_10,GGCAAGCGGCTGGCGATGC
CAMKV_S_9,CCGGCCCGGGGTGCGAATC
CAMKV_S_8,CGGGATGCAGAGTGCGCGG
CAMKV_S_7,CGGGGTGCGAATCCGGTGC
CAMKV_S_6,AATCCGCTCCGAGCACGCG
CAMKV_T_5,CGAATCCGGTGCCGGCAAG
CAMKV_T_4,CTGCCCCGCGTGCTCGGAG
CAMKV_T_3,AAGCGGCTGGCGATGCTGG
CAMKV_T_2,GGAGGTTCGCTAGCCGAAG
CAMKV_T_1,GCGCCAGATGCAGCCGCTT
CDC42BPA_S_10,CTTTCCACAGCGAGGAGGG
CDC42BPA_S_9,CCTCTCGCGCTCGCGCCCT
CDC42BPA_S_8,GGAGGCTTGCGGACGAGTC
CDC42BPA_S_7,GAGTCTGGATCCAATATGG
CDC42BPA_S_6,GACGAGTCTGGATCCAATA
CDC42BPA_T_5,GCGCGAGCGCGAGAGGAGA
CDC42BPA_T_4,GCAAGCCTCCGCCTCTGTG
CDC42BPA_T_3,CCGCGGCTGAGGAGACTAG
CDC42BPA_T_2,CTCCAGTCCCGCCGCACAG
CDC42BPA_T_1,CAGTCCCGCCGCACAGAGG
CDC42BPB_S_10,GGGACGGAGCCCAAGATGT
CDC42BPB_S_9,GCCGGGCTTGCGCAGCGCT
CDC42BPB_S_8,CGCGACGACGCGGACGGGG
CDC42BPB_S_7,GCAGCCGCCGAGCCCCCGA
CDC42BPB_S_6,CGCCGCTCCTAGTCTGCGG
CDC42BPB_T_5,CGGGCCGCCCGAGCTGGGA
CDC42BPB_T_4,CGGCCTAGGCCGACATCTT
CDC42BPB_T_3,CCCGACGGCGCAGAGTCTG
CDC42BPB_T_2,CCTCGCCGCTCCTAGTCTG
CDC42BPB_T_1,CGCCGCCGCAGACTAGGAG
CDC42BPG_S_10,GGCGGACGGACGGCCCGAC
CDC42BPG_S_9,CAGCGCCAGCAGCAGATCT
CDC42BPG_S_8,CGCCAGCAGCAGATCTAGG
CDC42BPG_S_7,TAGCCGAGCAGCGAGGCTC
CDC42BPG_S_6,GACGGACGGCCCGACAGGC
CDC42BPG_T_5,CAGCAGCGGCCCCCTACGG
CDC42BPG_T_4,GCGCGGACAGAGCCTCAGA
CDC42BPG_T_3,TCCGGCCGCAGCCATGGAG
CDC42BPG_T_2,TCGCTGCTCGGCTACAGTC
CDC42BPG_T_1,GACAGAGCCTCAGACGGTT
CDK10_S_10,GCGCCGAGGCTTCCGGCAC
CDK10_S_9,CGCGCACCCTGTGTTCCGG
CDK10_S_8,AAGCTCCGGGATCCAGCTC
CDK10_S_7,CCCTCAGATCTCCAGGGAC
CDK10_S_6,CGTAAGGAGGGCTTCTTCA
CDK10_T_5,TCCAGGGACCGGCTGTCGG
CDK10_T_4,CGCCTGCGCGCAAGAGAGG
CDK10_T_3,GGGCCAGCGCTCGGCATGG
CDK10_T_2,TCTGCTCGCACTCCAGATC
CDK10_T_1,GGCATGGCGGAGCCAGATC
CDK11A_S_10,GCAGAGCGACGCCGACTTT
CDK11A_S_9,CGACGAGAACTGCGCACCG
CDK11A_S_8,ACTCACCCCTACGGGGCCG
CDK11A_S_7,CCAGAACTCAAGACGACAG
CDK11A_S_6,AAGTCGGAAGTGCAGCTCA
CDK11A_T_5,CATCATTAGGCGTCAACAC
CDK11A_T_4,AGTCGGAACTCACCCCTAC
CDK11A_T_3,GGATACTTCTGGCGAGCGC
CDK11A_T_2,CAGGAAGTGAGGATACTTC
CDK11A_T_1,ACCGGCCGCGGCCCCGTAG
CDK11B_S_10,TTTTTAGTAATTTGGTAAG
CDK11B_S_9,TTGTACTTCCAAATGTCGC
CDK11B_S_8,TTTGCATGGTAATGTACTC
CDK11B_S_7,TGTCTAGATTGAGCATACA
CDK11B_S_6,TTGGGATGTTAGTGAGTAC
CDK11B_T_5,TGGGCTCACCTGCGACATT
CDK11B_T_4,AATATTCAGTTGACATTAA
CDK11B_T_3,AGTGAAGTGCAATACAACA
CDK11B_T_2,AATTTTTAGAATAGATTTT
CDK11B_T_1,GATCTTTAGCAGCATCATT
CDK11B_S_10,GCAGTGTTTTAACTCAAAT
CDK11B_S_9,TGTTCTAATGGAAAAATGA
CDK11B_T_5,TGGGCTCACCTGCGACATT
CDK11B_S_7,ACTCAAATGGGTGATGAAA
CDK11B_S_6,GGGTGATGAAAAGGACTCT
CDK11B_T_5,TCTTCAGGAAAAGAAACGA
CDK11B_T_4,AAACGAAGGAAGGAACAAG
CDK11B_T_2,AATTTTTAGAATAGATTTT
CDK11B_T_2,ACCACTTACTTAAAAAATA
CDK11B_T_1,GCCATATTTTTTAAGTAAG
CDK12_S_10,GGTGAAACGGAGGCAAGAA
CDK12_S_9,TTTAATCTAGTGTGTGACT
CDK12_S_8,CCAATTCAGAGAGACATGG
CDK12_S_7,ACACTAGATTAAACCGAAA
CDK12_S_6,CAGTGGAGTTGCGAGACAA
CDK12_T_5,ACCCTTCTACATGAGGTGG
CDK12_T_4,CCAGGAAGTGAGAAGCCGA
CDK12_T_3,TGGTGTGGAGGTGAAACGG
CDK12_T_2,GGCCTGAGGACTGGCTCGG
CDK12_T_1,GTGAGAAGCCGACGGCCCG
CDK13_S_10,GAACTTGCACCCAACGTCA
CDK13_S_9,TTGGCCGCGCTCTCGGCTC
CDK13_S_8,ACGAGGAGCGGAGAGGGAA
CDK13_S_7,TGGAGTGAAGCGGCGACGA
CDK13_S_6,AGGGAAGCAGGAATCCGGG
CDK13_T_5,CGGCTCGGGCAGCGCAACG
CDK13_T_4,AGTGAAGCGGCGACGAAGG
CDK13_T_3,AGGGCGCGATGGAGTGAAG
CDK13_T_2,GCCACTTCCGAGGCGCCTG
CDK13_T_1,ATTATCGTGGCGCTTTTCC
CDK14_S_10,CAGTTTGGGGAAGTTGTCG
CDK14_S_9,TCAATGAGGTCACACATCT
CDK14_S_8,CGTTGTAGGCGGGGATCGA
CDK14_S_7,AGGACGGCAGGCTCCGCTC
CDK14_S_6,CGGCCCGCCGAGGAGGTGG
CDK14_T_5,CGCAGCCGGCCGAGAAGAT
CDK14_T_4,GTCTAGGGAGGCGAGCAGC
CDK14_T_3,GAAGCGACGCGCAGGTCTA
CDK14_T_2,GCGACGCGCAGGTCTAGGG
CDK14_T_1,AGGGAGGCGAGCAGCAGGC
CDK15_S_10,TCTTGACCCATAATCTTGT
CDK15_S_9,AATGGTAGCAGCTGCATCC
CDK15_S_8,TTGCCAGAGGTCAGCAGCG
CDK15_S_7,GAGAAAGATGCTCTCTCCT
CDK15_S_6,GCTACCATTGTTCAGAGGG
CDK15_T_5,ACGCAGCCTCCGTGGTCTC
CDK15_T_4,TGCTGACCTCTGGCAAAAA
CDK15_T_3,CATTGTTCAGAGGGAGGCG
CDK15_T_2,AGGAGTCAGCCTGAGACCA
CDK15_T_1,AGTCAGCCTGAGACCACGG
CDK16_S_10,GCCATCGCGAGCCCAGAGG
CDK16_S_9,GCACAGAGCGGTCTGATCG
CDK16_S_8,CGCACGCAGGCGCTCGGAA
CDK16_S_7,GAGCGGTCTGATCGCGGAG
CDK16_S_6,CGGTCTGATCGCGGAGTGG
CDK16_T_5,GGCGGCTCGCGGCACAGAG
CDK16_T_4,GGAGTGGCGGCGGATCCCA
CDK16_T_3,CCCAGGGCCGAACAGCCAA
CDK16_T_2,TGAATCCGAGTGCTCACGG
CDK16_T_1,GCATGCGCACGCAGGCGCT
CDK17_S_10,TTGCACTCGCTCTCCTCCG
CDK17_S_9,GGCGGCCCGCGGGGAGCTC
CDK17_S_8,CCCGAGGCGAGGCGAAGAG
CDK17_S_7,CGGCGAGCCGCTCAGGCGG
CDK17_S_6,CACACGCAAGGAGCGAACG
CDK17_T_5,GGGGAGCTCAGGAGACTGC
CDK17_T_4,GCGTCGCTTTCACACTCGG
CDK17_T_3,GCCTCCGCCTGTTCCCCGG
CDK17_T_2,CTCTCCTCCGGGGAACAGG
CDK17_T_1,TCCTCCGGGGAACAGGCGG
CDK18_S_10,CCCAGATGGAGACTCCCTA
CDK18_S_9,AGATGGAGACTCCCTAAGG
CDK18_S_8,TAAGCGGAACGGCTCTTAA
CDK18_S_7,TTGGAGGGAAATACCGGAG
CDK18_S_6,CTGCAACCTGAGCTGGCCG
CDK18_T_5,AAGCTGCCCCGTGCCCGGG
CDK18_T_4,CGCCGGGTATAAGGAGCAA
CDK18_T_3,CTCACAGCGCGTGTCCTGG
CDK18_T_2,CCGCTCCCTCCCGGGCACG
CDK18_T_1,CAACCTGAGCTGGCCGAGG
CDK19_S_10,TCCTTGTTTTGGAACCTGG
CDK19_S_9,CTGAAGGCGGACCGCGGAG
CDK19_S_8,GAGTTCGCTAATGAGCTCG
CDK19_S_7,GCGTCCCGTGCCTCTATGG
CDK19_S_6,GCCTTGTAGACGTGACCGT
CDK19_T_5,ATAGAGGCACGGGACGCGG
CDK19_T_4,TCCTCCTCCTCCGCGACGG
CDK19_T_3,CCCACCAGGTTCCAAAACA
CDK19_T_2,AAGGAGGGAGGCGGGACTG
CDK19_T_1,GCTCGAGGAAGCCACGGCG
CDK20_S_10,CGCCAGTCTGCAGGATAGA
CDK20_S_9,GGCCAGAGGCCCTCCTCGG
CDK20_S_8,CGGCAGCTGACCACTGGGG
CDK20_S_7,TCCATCCCGCTGCAGTCGT
CDK20_S_6,TAGAGCGTTAGCCGGAGGG
CDK20_T_5,GTGGAGGAGAAGTGGAGTT
CDK20_T_4,GCGCGGCAGCTGACCACTG
CDK20_T_3,GTGGAGTTTGGAAGTTCAG
CDK20_T_2,AGCTCAGATCAGCGTGGGG
CDK20_T_1,GCGAGCTCAGATCAGCGTG
CDKL1_S_10,AGAAGGCGAGGCGGGAGCC
CDKL1_S_9,GCGGGAGCCGGTTCCCATA
CDKL1_S_8,GAGTCCCGGGCGGGCAAGG
CDKL1_S_7,CCCCGCCCAGGCAGACCCG
CDKL1_S_6,CTCGGCCCGCGATCCCTAT
CDKL1_T_5,CACGGCGCCGCGGCGGTCA
CDKL1_T_4,GGCCCGTCCCTGACCGCCG
CDKL1_T_3,TGGGCGGAAGAAGGCGAGG
CDKL1_T_2,GCGCCGCGGCGGTCAGGGA
CDKL1_T_1,CACGCCGAGCCGAGCTGGG
CDKL2_S_10,TACCCCTGGGCGAAGGCGT
CDKL2_S_9,CACCACCTCCCAGCTCGTA
CDKL2_S_8,CGCCTTACGAGCTGGGAGG
CDKL2_S_7,TTCCCAGGCTCCAGGTACT
CDKL2_S_6,TCACTCTGTCCCCAACCAT
CDKL2_T_5,GGCCAACGCCTTCGCCCAG
CDKL2_T_4,GCCTTCGCCCAGGGGTAGT
CDKL2_T_3,TCGTAAGGCGCCCAGTACC
CDKL2_T_2,CACCGCTCCAACTACCCCT
CDKL2_T_1,CGCCCAGGGGTAGTTGGAG
CDKL3_S_10,ACCAGCGGGACCACAGAAT
CDKL3_S_9,CTTGCCACCATGGAAACGC
CDKL3_S_8,GCCACCATGGAAACGCCGG
CDKL3_S_7,GTGCGCAAGACCGGAACAT
CDKL3_S_6,TAGAACGCAGCAACTCCGC
CDKL3_T_5,AAGTGGCCGGTTCCTTGCG
CDKL3_T_4,AACTCCGCCGGCGTTTCCA
CDKL3_T_3,TCCGCCGGCGTTTCCATGG
CDKL3_T_2,TAAAAGCCCAGCTTGAAAA
CDKL3_T_1,TACATCTCCATTTTCAAGC
CDKL3_S_10,AACAGAAAACAACTAATAA
CDKL3_S_9,GTCACGTGAGCGCCTCGCC
CDKL3_S_8,AGGATCGCACGATCTTCTA
CDKL3_S_7,TTGGGGCAAGAAGAGTGAG
CDKL3_S_6,TCCCCTCTGGTTGGTTCAG
CDKL3_T_5,CCTATGACGCGTTTAGAAC
CDKL3_T_4,GCCACTGAACCAACCAGAG
CDKL3_T_3,TAAACCCGCTTCACAGACC
CDKL3_T_2,AGCGGGTTTAAGAGGGTGA
CDKL3_T_1,CTGTGAAGCGGGTTTAAGA
CDKL4_S_10,GGTAGGGGAAGTATTTGGA
CDKL4_S_9,CACTGGGGTGAGTGGACTT
CDKL4_S_8,TTGGAGGGATATCCAGAGG
CDKL4_S_7,GGAATTTAAGTCCAATGGG
CDKL4_S_6,AATGCAGAAACAAAACCTC
CDKL4_T_5,TATTTGGAGGGATATCCAG
CDKL4_T_4,GGGGCGAGCGTAAACACTG
CDKL4_T_3,ACAGCTACTACTTGTCCAG
CDKL4_T_2,ATTAGCTAAGACTGGAGAA
CDKL4_T_1,ACTGGAGAAGGGTCTTATG
CDKL5_S_10,GGGGAAGGTAAAGCGGCGA
CDKL5_S_9,AGACCCACCCAGTCCCCCC
CDKL5_S_8,TCGGGGGAAGCCCTTCCAG
CDKL5_S_7,GCTGAGGAGGGGCTACTCC
CDKL5_S_6,CTAGAAGTGGGGGACTCGG
CDKL5_T_5,AAGCGGCGACGGCGTCCTC
CDKL5_T_4,TGGGGTCCCCTGCTAGAAG
CDKL5_T_3,AGTCCCCCACTTCTAGCAG
CDKL5_T_2,GCCGCTTTACCTTCCCCAG
CDKL5_T_1,GGTCCCCTGCTAGAAGTGG
CLK3_S_10,TGCGCCTCTGCCCCTGCGA
CLK3_S_9,GTGCCCCTCGCAGGGGCAG
CLK3_S_8,GGTGTGCGGAGGAGCCCAA
CLK3_S_7,CTCTGGGAAACGGAATGGA
CLK3_S_6,GGAGTGGCGCGAACAGGAA
CLK3_T_5,GCCGGGCTTGGACACAGTG
CLK3_T_4,GGGTCTCTGGGAAACGGAA
CLK3_T_3,GCAGAGGCGCAGCCTGTAG
CLK3_T_2,GCGGAGGGAGATCCACTAC
CLK3_T_1,CCAGGGGTGCCCCTCGCAG
CLK3_S_10,GGAGTAGGCCGAGACCGAA
CLK3_S_9,CGGAAGCGGAAGAGGCGCT
CLK3_S_8,AGTGGGGCCTAGCTGCAGC
CLK3_S_7,AGAGGTCGCGGCCCGATAT
CLK3_S_6,AAGTGTGGGCTGGGGTCCG
CLK3_T_5,CTGCAGTGACCGCCCTCCG
CLK3_T_4,AGGCGCTCGGAGCGGGGAG
CLK3_T_3,GCGGAAGAGGCGCTCGGAG
CLK3_T_2,CTTACCGTCTCCCAGGCTC
CLK3_T_1,CCTGGGAGACGGTAAGTGT
CLK4_S_10,GAAGCCCAGGCCCCTAACG
CLK4_S_9,GCGGCGTAGGTGGTGCTAG
CLK4_S_8,GCTGGAAGAGGTCCCGACA
CLK4_S_7,GGTGGTGCTAGAGGCGACT
CLK4_S_6,GCCCAGGCCAGGAATCCAG
CLK4_T_5,GGTGCTAGAGGCGACTCGG
CLK4_T_4,CGACAAACACCCCACAAAA
CLK4_T_3,AGGTCTCCGAGCCAGGTGT
CLK4_T_2,TTGTCGCAGCGGCCGAGGA
CLK4_T_1,GGCGACTCGGGGGATTCTA
CSNK1A1L_S_10,AAGGGGGCACAGCGAGTTG
CSNK1A1L_S_9,TAGCCCTTAGTCCTTGCCA
CSNK1A1L_S_8,GGCCCACAGCCGTTGGTAG
CSNK1A1L_S_7,TCAGCCCTGACCCCTCTAG
CSNK1A1L_S_6,TCCTCCCCTAGAGGGGTCA
CSNK1A1L_T_5,TGGGCATCACCACCACCAA
CSNK1A1L_T_4,GCTGTCGTGGCGATGTCGT
CSNK1A1L_T_3,ACCGCCACCGAGAAAGAGG
CSNK1A1L_T_2,CTGCTGCCACCGCTACCAA
CSNK1A1L_T_1,CTGCCGTGGCAAGGACTAA
CSNK1G1_S_10,ACGAAGCCGGGCAGATACC
CSNK1G1_S_9,AAGAGAGAAACCACCGCTG
CSNK1G1_S_8,GGACGCCGTGATCCCGGGT
CSNK1G1_S_7,CGGTTAGCGGGGTAGAGGT
CSNK1G1_S_6,AGGGGAGAAGGCGGACGGG
CSNK1G1_T_5,GGGTGGGTAGAGAAGCACT
CSNK1G1_T_4,GGGAAGGCGAGGAGCCGAG
CSNK1G1_T_3,CTCTTTCCCAGGAGCGGGA
CSNK1G1_T_2,GGGAGGGGAGAAGGCGGAC
CSNK1G1_T_1,AGAAACCACCGCTGCGGGT
CSNK1G2_S_10,CTGCGCAGTGGGGCGCGTA
CSNK1G2_S_9,TGTTCGGGACGGGAGGCGC
CSNK1G2_S_8,GCGTAAGGCGCGCGGGCCC
CSNK1G2_S_7,CAGTGGACACCGAGTGTGG
CSNK1G2_S_6,GCCTCCGCATGTTCGGGAC
CSNK1G2_T_5,GGCAGACGCTGGCGGCGTA
CSNK1G2_T_4,CTCCGCCGCGCCCGCTCCG
CSNK1G2_T_3,TCCGCATGTTCGGGACGGG
CSNK1G2_T_2,GCCCCCCGCTGGCAGACGC
CSNK1G2_T_1,CCCCGCTGGCAGACGCTGG
CSNK1G3_S_10,TGTCGCCACCGATGCAGCC
CSNK1G3_S_9,AGTCCGTCAGCGCCGGCGG
CSNK1G3_S_8,GCGACTCTCCGGCCAGCGG
CSNK1G3_S_7,CGAGCGAGCGAGCGAGGTA
CSNK1G3_S_6,CATTCATTCCGGGCTGCAT
CSNK1G3_T_5,GGCTCGGGCGGCGACTCTC
CSNK1G3_T_4,GCTGCTGTGCATTCATTCC
CSNK1G3_T_3,TCATTCCGGGCTGCATCGG
CSNK1G3_T_2,GCGTCGATCCGGATGCCCG
CSNK1G3_T_1,CGGCGGTAGGAGGCACCAG
CSNK2A2_S_10,GGGTCCCCCCGCGCTCCAG
CSNK2A2_S_9,CTGAGGAGCCGCGAGTACT
CSNK2A2_S_8,GAAAAGGGGCCGCGCTCAC
CSNK2A2_S_7,GGCAGCGGCAGCCACCGGC
CSNK2A2_S_6,CGCCGAGGTGAACAGTCTG
CSNK2A2_T_5,CAGGGGGCGCTGTGAGCCT
CSNK2A2_T_4,CGGAGGAAACCCGGAAAAG
CSNK2A2_T_3,CAGCCACCGGCCGGGAAAG
CSNK2A2_T_2,GCGGCGGCAGCGGAGAAGA
CSNK2A2_T_1,GCGGCAGCGGAGAAGAAGG
CSNK2A3_S_10,AGATTTTGGAGAATTTGAG
CSNK2A3_S_9,TGGTTCGAAAATTAGGCCG
CSNK2A3_S_8,TACTTCACTGTATTTACCT
CSNK2A3_S_7,CTGCCAGTGTGATGATGTT
CSNK2A3_S_6,ACCAGCTGGTTCGAAAATT
CSNK2A3_T_5,ACCTGTTTTCTTCACACTG
CSNK2A3_T_4,TGTTTTCTTCACACTGTGG
CSNK2A3_T_3,GGTCCCAACATCATCACAC
CSNK2A3_T_2,CTTCACACTGTGGTGGAAG
CSNK2A3_T_1,GGCGGGGGTTCGTGACACA
DCLK3_S_10,CTACCATGGAACAGTATGG
DCLK3_S_9,AAGATCTGATGGTTACATC
DCLK3_S_8,CAGTTCACTTTGGGGTAGC
DCLK3_S_7,ACTTACAGTTAGTTCCACG
DCLK3_S_6,GAGTTGTGTTTACAGAGTC
DCLK3_T_5,CAGGAGCCCTCTCACGGTG
DCLK3_T_4,GTCAGGCCTCACCGTGAGA
DCLK3_T_3,CAAAGTGAACTGACCTTCA
DCLK3_T_2,TAATACAGGAGCCCTCTCA
DCLK3_T_1,TCTACAGCTGAGATAAAAA
DSTYK_S_10,GCCCCCCAGTGCCGAAGGG
DSTYK_S_9,CCCCAGTGCCGAAGGGAGG
DSTYK_S_8,AGACGGGCTCGCTGCCCCA
DSTYK_S_7,AACGGCAGTGACGGAGGTT
DSTYK_S_6,CAGAGGCGATGGAGGGCGA
DSTYK_T_5,AGCGGGCAGAGGCGATGGA
DSTYK_T_4,CAGCCGTCCCAGGTAGCGG
DSTYK_T_3,AGGGCGACGGGGTGCCATG
DSTYK_T_2,AGGCGATGTCGCCGAAACC
DSTYK_T_1,CCGAGCCGCAAAGACAGAG
DYRK1B_S_10,GTTGCATTACTGGGTAATC
DYRK1B_S_9,AGCTGCCCTAGGCTGTGAT
DYRK1B_S_8,CACGGCGACGGGAGCAGGG
DYRK1B_S_7,CAAGCGGTCGCAGGGAGGT
DYRK1B_S_6,TACTGGGTAATCGGGGCCC
DYRK1B_T_5,GGCCTCGTGCTAAGTCTCA
DYRK1B_T_4,CCCACTGGCTGAGGGTATC
DYRK1B_T_3,TGAGGGTATCCGGCGGACG
DYRK1B_T_2,CGGCGGACGCGGCAAGCCA
DYRK1B_T_1,ACTGGCTGAGGGTATCCGG
DYRK2_S_10,GGCTGTAGCAGACGCGAGG
DYRK2_S_9,TCTCCCTCACATAGGGGCG
DYRK2_S_8,GACCGAAGACCGCCTGGCT
DYRK2_S_7,GCCTCCTTACCGGTCGGGT
DYRK2_S_6,GAAGTAGCAGCAGGACCGG
DYRK2_T_5,GGGAGCTGGAAGCGCTGCG
DYRK2_T_4,GCGAGGACCGAAGACCGCC
DYRK2_T_3,CTCCCCGTCTCCCTCACAT
DYRK2_T_2,TCCCCGCGCCCCTATGTGA
DYRK2_T_1,CCCCTATGTGAGGGAGACG
DYRK3_S_10,CCCTCAGTAGGAGGGACGA
DYRK3_S_9,GAGTGAGCCCTCAGTAGGA
DYRK3_S_8,GAGGCAGCCGTCCCGGCGT
DYRK3_S_7,CACGCCACCTACGCCGGGA
DYRK3_S_6,GGTAGAGTGAGCCCTCAGT
DYRK3_T_5,TTCCCAGCCGGGGCCAGTC
DYRK3_T_4,GCCGGGACGGCTGCCTCCG
DYRK3_T_3,CGCGGCGCGACGCTCCCAC
DYRK3_T_2,TCTGGTCGAGAGTACCCGT
DYRK3_T_1,CTGGAGGCGCCACAGGGAG
DYRK4_S_10,GGATCGGTAGAACCGGCTT
DYRK4_S_9,AATGGCCACGTCGTAGGGG
DYRK4_S_8,CGGCTCCCACGGAGACCGT
DYRK4_S_7,TGGATGTACGTGTATACTG
DYRK4_S_6,CAGCTGGCCTGCATCATGG
DYRK4_T_5,CATTCTCCCCGGGGAACAG
DYRK4_T_4,CCCAGGCTCCACATGTCAA
DYRK4_T_3,GATCCCCAGAAGTGATCCT
DYRK4_T_2,GTCAATGGCCACGTCGTAG
DYRK4_T_1,TGGCCCAGGATCACTTCTG
EEF2K_S_10,TCCCTCGGGCAGACAGGCG
EEF2K_S_9,CACGGCCGCGAGGGTCCAG
EEF2K_S_8,CGCGAGGGTCCAGAGGAGT
EEF2K_S_7,CTCGCGGCCCGGAGCTCCA
EEF2K_S_6,GCGTGCAGGCGACAGCGAG
EEF2K_T_5,GAGTGCGGGCGCTCGATCC
EEF2K_T_4,GGCGCTCGATCCAGGAAGG
EEF2K_T_3,GCGACAGCGAGCGGGACTC
EEF2K_T_2,GCGGGCGCTCGATCCAGGA
EEF2K_T_1,ACAGCGAGCGGGACTCGGG
ERN2_S_10,GGCCGAGTTGGGACCACCC
ERN2_S_9,CGCTCCCTTGGAGGCACCC
ERN2_S_8,GAGCAGCAGCGCCGCGAAC
ERN2_S_7,GACCACCCAGGCGTGAGGG
ERN2_S_6,CGGGGACAGAGCGCTCCCT
ERN2_T_5,TGGGACCACCCAGGCGTGA
ERN2_T_4,GGACAGAGCGCTCCCTTGG
ERN2_T_3,CGCACTCGCCATAGCGCCT
ERN2_T_2,CTATGGCGAGTGCGGTCAG
ERN2_T_1,TGCAGCTGCCCAGGCGCTA
HIPK1_S_10,TCACGGCAGCCCCAGCTCG
HIPK1_S_9,AACGGCGGCTGCGGAGCAA
HIPK1_S_8,TCGTCGGGTCTGGCGACAA
HIPK1_S_7,TGAGAACCAGACACACCGG
HIPK1_S_6,GGCCTCCTGCTGCCGTCCG
HIPK1_T_5,GCGGAGGAGACGAGATCTG
HIPK1_T_4,TCGGGTCTGGCGACAACGG
HIPK1_T_3,TGCGGAGCAAGGGGCCCGG
HIPK1_T_2,GCCCGGCGGTAGCCCCGGA
HIPK1_T_1,GAGTAGGTGGGCCTCCGTA
HIPK3_S_10,GGCCACAAAGCCCGGGACG
HIPK3_S_9,TTCGCCGCACTGGGAGAAC
HIPK3_S_8,GGCTCCGCGTCCCCAGCGG
HIPK3_S_7,AAGCCCGGGACGCGGCCAT
HIPK3_S_6,CCGCTGCTCCGCGACGCTG
HIPK3_T_5,GCCGCACTGGGAGAACTGG
HIPK3_T_4,TGCTCCGCGACGCTGGGGA
HIPK3_T_3,TGCGGCGAAGGGAAGCGGG
HIPK3_T_2,CGGGACGCGGCCATCGGCT
HIPK3_T_1,GCTTGAGCACCCCAGCCGA
HIPK3_S_10,GGGCTGCGGCCGCCCGAAG
HIPK3_S_9,AATGGGCCCCAATCGCCGT
HIPK3_S_8,AGAGCGCGGGCCTCTAGGA
HIPK3_S_7,GCCCCTCCTCCGCGCTCGT
HIPK3_S_6,CGGGCCTCTAGGAAGGTAA
HIPK3_T_5,TCCGGCTACTGGGGCCTAC
HIPK3_T_4,CTACGGGCGACGCAGGGTG
HIPK3_T_3,CAGCAGCAGCAGCGGTCGG
HIPK3_T_2,CGGCCGGGGCGTCAGGAAT
HIPK3_T_1,GCCGACGAGCGCGGAGGAG
HIPK4_S_10,CGGCAGAGCCAGTGGTACA
HIPK4_S_9,ACCCATTCGGTGGGGCCTG
HIPK4_S_8,GCCCAGGCCCCTGTACCAC
HIPK4_S_7,GACACAGCAGGCCCCCCAG
HIPK4_S_6,ACAGCAGGCCCCCCAGTGG
HIPK4_T_5,AAGCAGGGGCCAACCTCAT
HIPK4_T_4,AACAGCGCTGGAACCCATT
HIPK4_T_3,GGGTTCCAGCGCTGTTGAG
HIPK4_T_2,AGCGCTGGAACCCATTCGG
HIPK4_T_1,GCCCCAGGCCCCACCGAAT
ICK_S_10,CCCTGCTAGGACCGGCCGA
ICK_S_9,CCTCGCGGGCGTCCCTGTA
ICK_S_8,GAGGTCCGGCGAGTCGCAC
ICK_S_7,GGCTGCGCCCCGCTCGTCG
ICK_S_6,TTCGCGGCGCCAGTAAGTG
ICK_T_5,CAGGGACGCCCGCGAGGTC
ICK_T_4,CCTGCCGGAGGCTGGAAAA
ICK_T_3,GGACAATCCCTGCTAGGAC
ICK_T_2,CGGCCGAGGGCTCCGTACA
ICK_T_1,GGAGCTGCGCTCACCTCAG
KIAA1804_T_1,GCCTGGGCACGACCATGGT
KIAA1804_T_2,CGCGGGCGACGTCCCACCA
KIAA1804_T_3,GCGTCCCAGGCTCTGGCTA
KIAA1804_T_4,GCCGCGCTCTATGACTACG
KIAA1804_T_5,GCTCTGGCTAAGGAGCGCG
KIAA1804_S_6,CCCTCGTCGCCCGACACGG
KIAA1804_S_7,CAGCCCTCGTCGCCCGACA
KIAA1804_S_8,TCTATGACTACGAGGCTCG
KIAA1804_S_9,TCGGTGACGGCAGAGATCA
KIAA1804_S_10,TAGGAATCGCGATCGGTGA
LMTK2_S_10,CGCAGCCCATCATGGCGGC
LMTK2_S_9,GTCATGTGACGTAGCGCGG
LMTK2_S_8,GGAGGCAGGATCGACTGAC
LMTK2_S_7,TGCTGCTGTTGAGAGGCGG
LMTK2_S_6,CGGGAGCCGGACCGAGGTT
LMTK2_T_5,TGGCGTTGCTGCTGTTGAG
LMTK2_T_4,CCAGGCCCGCCGCTCCGCA
LMTK2_T_3,GCGCTCCCGCCGCCATGAT
LMTK2_T_2,CACATGACGCAGCCCATCA
LMTK2_T_1,CGCCAGCAGCCCTGCGGAG
LMTK3_S_10,ATGGAGAGGTCCGCGCCCA
LMTK3_S_9,AGGCACACAAGCCGGGGAG
LMTK3_S_8,ACCCAGGGGAACGCCTCGC
LMTK3_S_7,GTGGGATGTGACCCCGAGA
LMTK3_S_6,TCGTCCGTGAGCACCTGCG
LMTK3_T_5,CGTTCCCCTGGGTGAGGCT
LMTK3_T_4,AACGCCTCGCAGGTGCTCA
LMTK3_T_3,GTGCTCACGGACGATGGAG
LMTK3_T_2,ACCTGCGAGGCGTTCCCCT
LMTK3_T_1,AGAGGTCCGCGCCCAGGGT
LRRK1_S_10,GCGGGGGGCAGACGGCGGT
LRRK1_S_9,GGCCGGGTGCGGGCGCTCC
LRRK1_S_8,GGGGCAGACGGCGGTGGGA
LRRK1_S_7,GGATTGAGGAAGTGCGTCT
LRRK1_S_6,AGGCAGCCAGGCCGCCGGG
LRRK1_T_5,AGACGGCGGTGGGACGGCC
LRRK1_T_4,GAGCGGCGCTTACCTGAGG
LRRK1_T_3,GGCCGGGCGGACACACTGG
LRRK1_T_2,CGGCGCGGGGGGCAGACGG
LRRK1_T_1,CGGGGCCGGGCGGACACAC
LTK_S_10,TTGCCGGGTGGACCCAACA
LTK_S_9,GCGGGTAAGTGCTATCTGG
LTK_S_8,CCGGCAACAAAAGCCCTTG
LTK_S_7,TCAACAGGCCAGGTGTCAG
LTK_S_6,CAGCCTGAGGCACTTTCCT
LTK_T_5,CAGGGGACCGTCCAGCCTG
LTK_T_4,GTCAACTTTAGGTTGACAG
LTK_T_3,CCGGGGAGTGTCTCGCCAG
LTK_T_2,GGCAGCACACCCCTGTAAG
LTK_T_1,CCCTGGCCACCACTTACAG
MAP3K10_S_10,TCACCCCGCGCAGCTCCAC
MAP3K10_S_9,CCGTACAGCCAAATCGGAA
MAP3K10_S_8,GGGCCCCGCCGGTGGCCCG
MAP3K10_S_7,CGGCCCCCATCCTTGGCAC
MAP3K10_S_6,GGGGAAGCAGCACGGGCGG
MAP3K10_T_5,TGCTTCCCCGGGCCACCGG
MAP3K10_T_4,TTGGCACCGGCCTCCCGGT
MAP3K10_T_3,GGAGGCCGGTGCCAAGGAT
MAP3K10_T_2,GTCACTCGGGCCCCGCCGG
MAP3K10_T_1,CGGGGCCCGAGTGACGTGT
MAP3K14_S_10,CCGCTGCGAGTGGGTTGGA
MAP3K14_S_9,CCCGGAGCAGTGGGGTCGG
MAP3K14_S_8,CCCTCGCCCCGGAGCAGTG
MAP3K14_S_7,GTCCCGCCCCGTCACCTAC
MAP3K14_S_6,GCGGAGCGCAACACTCGCT
MAP3K14_T_5,GCTTGGCCGGTAGGTGACG
MAP3K14_T_4,GTGCGAGGCGACCAGGGAG
MAP3K14_T_3,GCGCAACACTCGCTTGGTT
MAP3K14_T_2,ACCGGGGCGGGGCGACCAC
MAP3K14_T_1,GCCGGCGGCGGGAGATCGC
MAP3K15_S_10,GGGCCGGCGGAGCCCGACG
MAP3K15_S_9,CTTTCTCTCCGGCCTTCAA
MAP3K15_S_8,TCGAGGGAACGGAGCGCAC
MAP3K15_S_7,GGGACGCTACGGGAATCGA
MAP3K15_S_6,AGGCTGCAGCCTGACGCTC
MAP3K15_T_5,GCGGCTGCGATCCGCTAGG
MAP3K15_T_4,GCCTGCGCGCCCTTCCCCT
MAP3K15_T_3,GCTACGGGAATCGAGGGAA
MAP3K15_T_2,CCCCGCGGCGGGCCGAAGA
MAP3K15_T_1,GCGTCAGGCTGCAGCCTAG
MAPK15_S_10,TAAGGCCCCGCGGGCGTCC
MAPK15_S_9,GAGGGGCGCGGCAGATCTG
MAPK15_S_8,GGCAACCGACTCAACAGTA
MAPK15_S_7,CCGCCTGAGTAGGTATCTC
MAPK15_S_6,CCCGAGCTGCCGCCTGAGT
MAPK15_T_5,GCCGCCATGTGCACCGTAG
MAPK15_T_4,TCCACTACGGTGCACATGG
MAPK15_T_3,TGTCCGGAGATACCTACTC
MAPK15_T_2,GTATCTCCGGACAATGCGA
MAPK15_T_1,ACAATGCGAGGGTCCACTA
MAPK4_S_10,TTATTGTTAGGGTAAGGTG
MAPK4_S_9,TAAGGTGGGGAGGCAGTGC
MAPK4_S_8,GAGCAGCGAGCCGGGCTGT
MAPK4_S_7,CGCCGCGGCCGCAGACAAA
MAPK4_S_6,GGAGGGGAGCCACTTACCG
MAPK4_T_5,CGTGCGCCGTGGCTGGGAC
MAPK4_T_4,CACAACGCGAGGAGCCCAG
MAPK4_T_3,GAGCCCGCCGAACTCCGAG
MAPK4_T_2,GGGCTGTCGGGGCGACCGC
MAPK4_T_1,CAGGCGAGGAGCTCACCCA
MARK1_S_10,CCTCCTGACTGAGGCGCGG
MARK1_S_9,CTCTCCGGACCATGGGTGA
MARK1_S_8,GCCTGGGCGTCAGGAACCG
MARK1_S_7,CCTCCCTCGGGAGCAGTGG
MARK1_S_6,GCTCCTCCTGACTGAGGCG
MARK1_T_5,GGGCCGCTCCTCCTGACTG
MARK1_T_4,ATCACTGCCTGGCTCGTCC
MARK1_T_3,GCTAGGCTCTCCGGACCAT
MARK1_T_2,CGAGCCAGGCAGTGATTTG
MARK1_T_1,CCGCCGCCGCGCCTCAGTC
MARK3_S_10,CATATCCTTACAGGCAGAG
MARK3_S_9,CTGTTGAAAACAATCGGCA
MARK3_S_8,AAGAAAAGAATATAGATAT
MARK3_S_7,TACCAGCCGCTCAGGAGCT
MARK3_S_6,TGGCAAGACATATCCTTAC
MARK3_T_5,CCTGAGCGGCTGGTACGAG
MARK3_T_4,ACAGACTGTTGAAAACAAT
MARK3_T_3,TGAGGTTGTTCATCTGCAC
MARK3_T_2,TCTACACCGAGCTCCTGAG
MARK3_T_1,GTCTGTAGTTTCCGATGTG
MARK3_S_10,CTCCACACAGCGCCGCCGG
MARK3_S_9,GCAGCAAGCTCGCTAGAGA
MARK3_S_8,AGCCAAGATGGCCGCCCCT
MARK3_S_7,GAGCCTCACGGAGCCAAGA
MARK3_S_6,GTGAGGCTCTGAGGTGCCG
MARK3_T_5,AGCCGAGGGGCGGCCATCT
MARK3_T_4,GCGGCGCCTGAAAACGAGG
MARK3_T_3,CTGAGGTGCCGGGGTGCGG
MARK3_T_2,CGGCCATCTTGGCTCCGTG
MARK3_T_1,GGCAGCAGAGGAAGCCGAG
MARK4_S_10,CTGGGCGCCGAGAACGCCC
MARK4_S_9,AACGATCGGAACTCGGACA
MARK4_S_8,GAGAACGCCCGGGTCCGCG
MARK4_S_7,CAGGCCGGCGGGGGGGGAG
MARK4_S_6,GAGAGGGGTCCCGAGAGAG
MARK4_T_5,AAGTCCGGGAGGGGTCGAG
MARK4_T_4,CGGCCCAAGCGGCGGCGGA
MARK4_T_3,TGGCGGCTGGACCCAGCCA
MARK4_T_2,CGCGGGGCGAGGGGTACAA
MARK4_T_1,GGCGCGGAGCCGGCCCAAG
MAST2_S_10,CCGAAGATCCCCTCCCCCA
MAST2_S_9,CCGGGAGGGTGAACCTGAA
MAST2_S_8,GGCGGGTTGGGATCCGGGA
MAST2_S_7,ATCTTCGGCGGGAGGACCC
MAST2_S_6,ACCTGAATGGAAGCCGTGG
MAST2_T_5,CCCGGTGCGCGCGCGTGAG
MAST2_T_4,GGCCTGCCCAACGTGTGCT
MAST2_T_3,CTCCCACCCAGCACACGTT
MAST2_T_2,CTGCCCAACGTGTGCTGGG
MAST2_T_1,CCGAAGGCTGGCTGTAGGC
MAST3_S_10,CGAGCCTCCTGCGGCGCCG
MAST3_S_9,CTCGACTCGTCCATGGCCC
MAST3_S_8,GTGCCCCCTTGGACATCTA
MAST3_S_7,GCGATGGCGTGGGAGGAAG
MAST3_S_6,GCCTGAAAGGTGCCGGGAG
MAST3_T_5,CCTGGCGGCGCGGACTCCC
MAST3_T_4,CTTCCGCCCGCCCGCGCAG
MAST3_T_3,GTGAGGCCCCTGCGCGGGC
MAST3_T_2,CCAGGTGAGGCCCCTGCGC
MAST3_T_1,GGACGAGTCGAGCCTCCTG
MAST4_S_10,GCCCAAAGTGCCTCCCGAG
MAST4_S_9,CGGGCCCGGCCGCAAACGG
MAST4_S_8,GACGCGGCGACCAGCGCAG
MAST4_S_7,CGCCCAGGGTGCCTCCCAA
MAST4_S_6,GCCGAGGAAGCACCCGGAG
MAST4_T_5,GCAGATCGCGGACCCGAGC
MAST4_T_4,CACAGTGGAGCGCAGATCG
MAST4_T_3,GGAGAAGCCGCAGTACCCG
MAST4_T_2,ACCCGAGCCGCGGGTACTG
MAST4_T_1,GTGCAGCGCGGGAGCACAG
MKNK1_S_10,CAGGCTGGCCGCTGTCCTG
MKNK1_S_9,ACGGCCGAAGAAATGAAAG
MKNK1_S_8,CAGGAGAAAGGCGATCCTG
MKNK1_S_7,GTCCGTCTGCCTGTCCTGC
MKNK1_S_6,TTCGGGCGGGACTCTCCTC
MKNK1_T_5,GTCCTGGCGTGGCACAGTC
MKNK1_T_4,GCGGAGCTGGCGTCGCCCG
MKNK1_T_3,GGAAGGTCGTAGGACCCAG
MKNK1_T_2,GGCTGACAGGAGAGAGAAC
MKNK1_T_1,GGCGTCGCCCGGGGCAGGA
MKNK1_S_10,GCTCGGAGGAATACCTCGC
MKNK1_S_9,AGGCGGTGCTAGATCCAGG
MKNK1_S_8,TCCTCCGAGAACGCGGAAG
MKNK1_S_7,GATCGCTCCTCCGAGAACG
MKNK1_S_6,TCTCGGAGGAGCGATCTGC
MKNK1_T_5,GCCTCTTCCGCGTTCTCGG
MKNK1_T_4,CTGCGGAGGGACAGCCTAA
MKNK1_T_3,CAGAGGTCGCAGACAGCTC
MKNK1_T_2,GCGCGCGACCGCTCCCCGG
MKNK1_T_1,GGAGGAGCGATCTGCAGGT
MKNK2_S_10,ATGCTAGCCTCCTCGCTGA
MKNK2_S_9,CCCCGCCCGCAGTGCGGCT
MKNK2_S_8,TCGGCGGAGTACATGGCCC
MKNK2_S_7,ACTCCGCCGAGCCGCACTG
MKNK2_S_6,GTACAGAGTAGGTCCCCGG
MKNK2_T_5,GTGTTCAGGGCAGGCCCGG
MKNK2_T_4,AAGGCCTCCACTACCTCCG
MKNK2_T_3,TGCGGCTCGGCGGAGTACA
MKNK2_T_2,GTGGAGGCCTTCAGCGAGG
MKNK2_T_1,GCGGAGTACATGGCCCCGG
MKNK2_S_10,GTAGAGGGGTCCGCGCTGG
MKNK2_S_9,CAGGTAGAGGGGTCCGCGC
MKNK2_S_8,CACCGCCGCTGAGAGGAGC
MKNK2_S_7,CTGGGCCACCGCCGCTGAG
MKNK2_S_6,GGCCCCGAGGACACCGACC
MKNK2_T_5,CGCGCCCGGCTCCTCTCAG
MKNK2_T_4,GCCCGGCTCCTCTCAGCGG
MKNK2_T_3,GGCGGTGGCCCAGGTAGAG
MKNK2_T_2,GGGGCCCGTTTCCCGCTAC
MKNK2_T_1,GTCCGGGCTGCGCGACGTG
NEK1_S_10,AAACGGCGGGGTGCAGCAG
NEK1_S_9,GTTGGAGAGGCGGTAACGG
NEK1_S_8,CGCCTCTCCAACTTCACAG
NEK1_S_7,AATGCGGACTAAGGGAGAG
NEK1_S_6,CAAAACCCTGGAGCGAATG
NEK1_T_5,CGGAGTCCTTACCCTACCC
NEK1_T_4,ACCTAGGGTCCCAAAACCC
NEK1_T_3,TGGAGCGAATGCGGACTAA
NEK1_T_2,GTAAGGACTCCGCAACCTA
NEK1_T_1,TGCTCGAGAGGCCAGGGTA
NEK10_S_10,GGACGGGCTGAGACTGGAC
NEK10_S_9,GGTTGAGGGGACCGGGAAT
NEK10_S_8,GGACGGGACGGGCTGAGAC
NEK10_S_7,CGGCGAGCAGCTTGAGTCA
NEK10_S_6,GCCTGGAGGAGGATTTGAT
NEK10_T_5,ACCTGCTGCTGCAGACCGG
NEK10_T_4,CCCGGTCCCCTCAACCTCA
NEK10_T_3,GCTGGCCGCGGTGTCCCTG
NEK10_T_2,GGACCGGGAATAGGCTGGG
NEK10_T_1,CGGTGTCCCTGAGGTTGAG
NEK11_S_10,CGCCGCTCCGACCACGACA
NEK11_S_9,AGCCGTGGCCCGCGGTGTC
NEK11_S_8,GGAACCGTGGCCAGGGAGA
NEK11_S_7,TCCAAACAGCCGTGGCCCG
NEK11_S_6,GTCTTGCGGGTAATCGGGC
NEK11_T_5,GAGATTCGGAACCCAGCCC
NEK11_T_4,GTCTGGCGCTCGGTGGGTG
NEK11_T_3,CCAAGTCTTGCGGGTAATC
NEK11_T_2,CACCGAGCGCCAGACACCG
NEK11_T_1,CGGGCAGGCCTCAAACTAG
NEK3_S_10,TCCGCCCTGCTGACCCCCA
NEK3_S_9,GCTGCCTCTAGAACGAGGA
NEK3_S_8,ACCGCGGGGCGGAAGTGAG
NEK3_S_7,CTAGGGTCGCCGGGGAAGC
NEK3_S_6,GCGACCCTAGTCCACTCCT
NEK3_T_5,TAGAGGCAGCCCGCCAGGG
NEK3_T_4,TTCTAGAGGCAGCCCGCCA
NEK3_T_3,CAGGCCAAGGAGTGGACTA
NEK3_T_2,GAGTGGACTAGGGTCGCCG
NEK3_T_1,CGGTTGCCAGGCCAAGGAG
NEK4_S_10,GGGCCCGGGCGGGATTGCT
NEK4_S_9,TATGGCAGCGGCGTCGTCG
NEK4_S_8,GGTAGCAGTAGGCGGCCAG
NEK4_S_7,TCGGTTCATGCCCGAGAGG
NEK4_S_6,ACCCGCAGGTAGCAGTAGG
NEK4_T_5,TGTTGAGGCAGCCGGGCCC
NEK4_T_4,GCCGCTGCCATAGCGATCC
NEK4_T_3,TCGTGGGCAAGGGGAGCTA
NEK4_T_2,GCCCGGATCGCTATGGCAG
NEK4_T_1,CTCCCGGCCCGGATCGCTA
NEK5_S_10,GAAGCGTCCCGGAAGGATC
NEK5_S_9,CACACGCGGAGGTCGGGTA
NEK5_S_8,TGTGTGGGTGTAGCGTCCA
NEK5_S_7,TCCTTCCGGGACGCTTCGT
NEK5_S_6,CGGGGCCAACGAAGCGTCC
NEK5_T_5,GCCAACGAAGCGTCCCGGA
NEK5_T_4,CAGGGCGCGTCGGTCTCTA
NEK5_T_3,CGGGAACCCGGATCCTTCC
NEK5_T_2,GGAGCAGGTACGCTTGCAG
NEK5_T_1,GGCTCCGGGCAAGAACTAA
NEK6_S_10,TGCACCCCGGAGCGTCTGG
NEK6_S_9,CACATGCGTGAGCCTAGAA
NEK6_S_8,CCGGGGACGCGCACACCCC
NEK6_S_7,CGCCCGCGGGCCAGCGCAC
NEK6_S_6,CTCTCCCCCGCGGAGCCGT
NEK6_T_5,CGCGCCCACGGCTCCGCGG
NEK6_T_4,AACCGAGCTGACGGGCGTG
NEK6_T_3,GCGGCGGAACCGAGCTGAC
NEK6_T_2,CTGCGCCGCAAACTCGTGT
NEK6_T_1,CAGCGCACCGGTCCCCCAG
NEK7_S_10,ACCCCGAGCGAGGGTATCC
NEK7_S_9,AGCGACTCACCAGGAAGTT
NEK7_S_8,CCCGCCCGCGAGAGACCTT
NEK7_S_7,GTCCGGGCGCCTGAACCCT
NEK7_S_6,GAGGATCGGGAGTCGCGGG
NEK7_T_5,GCCTCGCAGTGCGCAGGGT
NEK7_T_4,GAGGAGGATCGGGAGTCGC
NEK7_T_3,GTCCGGAGTGCGAGCCTAG
NEK7_T_2,CGGAGTGCGAGCCTAGCGG
NEK7_T_1,TCGGGAGTCGCGGGAGGAT
NEK8_S_10,GGAGACTCCGCCTCTACGG
NEK8_S_9,GGTGCCTTCGGGTGAGCCA
NEK8_S_8,GTCCGCGCACGCGCCGCGT
NEK8_S_7,GCCTTGGGGCGGGATTAGG
NEK8_S_6,GGCACCTCTCCCCACCACT
NEK8_T_5,TGAGATGGAGAAGTACGAG
NEK8_T_4,AGAGGCGGAGTCTCCCCGG
NEK8_T_3,AAGTACGAGCGGATCCGAG
NEK8_T_2,AGAGCCCTGGCTCACCCGA
NEK8_T_1,TACGAGCGGATCCGAGTGG
NEK9_S_10,CGCTTCAGATGCCGGCCCG
NEK9_S_9,GAACTGTTTCCGGGTCGGG
NEK9_S_8,GCCGAGAAGGAGGGACTCG
NEK9_S_7,GACCCGACAGCGCCAGACA
NEK9_S_6,GCTGGGCTGACGGATCCGC
NEK9_T_5,CGAGCTTCGCGGGGTTGCT
NEK9_T_4,GGGGCCTAGCGCCAGTCAG
NEK9_T_3,TAGCCAAGAGGGTAAGCAA
NEK9_T_2,GGCCGGCATCTGAAGCGAG
NEK9_T_1,ACCCCGCGAAGCTCGATGG
NIM1_T_1,AGGCTCCCGGAGCTGTCAG
NIM1_T_2,GGAGCCTCAAGCGCGACAG
NIM1_T_3,TGGGCGCCGCACATGACAC
NIM1_T_4,CACGCGCGCACATAGACAT
NIM1_T_5,CAGGGGCGGCCGACCTGAC
NIM1_S_6,CTCCCGGAGCTGTCAGGGG
NIM1_S_7,TCGGTGTGTGGATGTCCCG
NIM1_S_8,CCTCTGGAGCAGGAGCGGT
NIM1_S_9,GACAGCGGCGCCCTCACCT
NIM1_S_10,CCACTTCGCAGACACCCCG
NRBP2_S_10,GGCCCCTCCCGCTCTGGGA
NRBP2_S_9,AAAAGCGACGGGAGCAGGT
NRBP2_S_8,GAGGACGAGAGCGACATCC
NRBP2_S_7,CCGCCGGCGCAGCCTCTCC
NRBP2_S_6,CTCCCAATTCCCAGAGCCG
NRBP2_T_5,CCAGGCCAAAGGGGTCCAG
NRBP2_T_4,TCCTGGAGGAAAGCCCGTG
NRBP2_T_3,GCCGCGGCGGCTCTAGGCT
NRBP2_T_2,GACGAGAGCGACATCCTGG
NRBP2_T_1,GCCCAGCCTAGAGCCGCCG
NRK_S_10,CGAGGCGGGAAAGCAAGTT
NRK_S_9,ACGGGCGTCCTCTACTCAC
NRK_S_8,TGGGTGCGCGCAGAGTCTG
NRK_S_7,AAGCGGATGAAGAGTTGAA
NRK_S_6,AGTTGGGCTAAGGCGAGAG
NRK_T_5,AGACACAGCGCTCTCGACA
NRK_T_4,AAAGAGGCGCACCCTGACG
NRK_T_3,GTCTCCAGGACTGACGCTC
NRK_T_2,GGAGCCTGAGCGTCAGTCC
NRK_T_1,GGAGACGAAGAAGCTAGAA
NUAK2_S_10,TGCGGGGAGGGCTGAAGCG
NUAK2_S_9,CCACCACAAGCACAACCTG
NUAK2_S_8,TGAGTGCGGCTCCCTCTCG
NUAK2_S_7,GTGGCTCCCCGTCCTGGTG
NUAK2_S_6,GGTCTCCAGGAACTCGTAG
NUAK2_T_5,GGAATCAGTAGGCTGTGCG
NUAK2_T_4,TCAGTAGGCTGTGCGGGGA
NUAK2_T_3,AGGTGAGCAAGGGCGGCAG
NUAK2_T_2,CAGGTCCCGCACCAGGACG
NUAK2_T_1,GGGCGGCAGGGGAATCAGT
OBSCN_S_10,ACGGGGACAAAAGGACAGG
OBSCN_S_9,CACTGTGGCCAGACCCTGA
OBSCN_S_8,GTAGGCAGCCTGCTGGTCC
OBSCN_S_7,TGGACGGGGACAAAAGGAC
OBSCN_S_6,TGAGCAAGGGTCAACTCCG
OBSCN_T_5,CTCCGGCCGCTCCTCAAAC
OBSCN_T_4,TTAGTGGAGCCACCCTCCA
OBSCN_T_3,GGGTCTCACCTCCCTCCGA
OBSCN_T_2,CCCCGTCCAGTTTGAGGAG
OBSCN_T_1,TGAGGAGCGGCCGGAGTGT
PAK3_S_10,ACCGTCTGGGATCTCGCAC
PAK3_S_9,GTAATAGCAGAGAAGGGCT
PAK3_S_8,GCGCTCGGAGGTAGAGGAA
PAK3_S_7,CTGTGCCAGCTAACCGTCT
PAK3_S_6,GTGACGTAATAGCAGAGAA
PAK3_T_5,GAGATCCCAGACGGTTAGC
PAK3_T_4,CAGGGGCTCTACCGCGGGC
PAK3_T_3,CTGGAGCGCTCGGAGGTAG
PAK3_T_2,CCGAGCAGGGGCTCTACCG
PAK3_T_1,CCCAGTGCGAGATCCCAGA
PAK6_S_10,AGACAGCCACGGTCCAGGC
PAK6_S_9,ATTTCTCCATTAAATCCTC
PAK6_S_8,GCTCCTGGCACATCAGGAC
PAK6_S_7,CTCGGCGCCCCAAACGAGC
PAK6_S_6,CTGGAGACAGCCACGGTCC
PAK6_T_5,TCGATGCCTGAGGATTTAA
PAK6_T_4,ACGAGCAGGTCGATGCCTG
PAK6_T_3,CGCGCGCCCCGGCTCACTT
PAK6_T_2,CACACTCTGGAGACAGCCA
PAK6_T_1,GAAATCCCAAAGTGAGCCG
PAK6_S_10,AGGTTCGCGGCGAGAGGAC
PAK6_S_9,CTGGCTCAGGTGCAAGAGG
PAK6_S_8,CGAACCTCCGGGGCAGCCG
PAK6_S_7,GCTCCGCAGGTGGGTTCCC
PAK6_S_6,GGCTTCCCGCTCCGCAGGT
PAK6_T_5,GACCTCTTCGAGCGTTCCT
PAK6_T_4,GAACGCTCGAAGAGGTCGT
PAK6_T_3,AGCCCAGGAACGCTCGAAG
PAK6_T_2,CTCTCGCCGCGAACCTCCG
PAK6_T_1,CAGCCGGGGAACCCACCTG
PAK7_T_1,TGACAGCCGGCCACCAGGT
PAK7_T_2,GCGTGCGCCCGGGGAGACC
PAK7_T_3,CTCTCAGGGCTGGAATCCG
PAK7_T_4,CCATGTTCCCGGTCTCCCC
PAK7_T_5,TCTCCCCGGGCGCACGCTG
PAK7_S_6,ACTACTACTGGCTGGGTAG
PAK7_S_7,CACGCTGGGGAACTACTAC
PAK7_S_8,TCATGGACAGTCCTCCGAG
PAK7_S_9,ACCAGCACGCTCTCAGGGC
PAK7_S_10,CCGGCTGTCAGCGAAGCGG
PAN3_S_10,CGGAGCCGCCCGGGGAGAA
PAN3_S_9,AATGGAATAAACAACTCGG
PAN3_S_8,GAGCGCGCGGGCCCAGACG
PAN3_S_7,GCCCAGACGGGGACTTCGA
PAN3_S_6,ACCATAGACGGGGGAGGAA
PAN3_T_5,CCGCCACCACCATAGACGG
PAN3_T_4,CAGCGGCGACGGCCGTCTC
PAN3_T_3,CGACGGCCGTCTCAGGAAG
PAN3_T_2,AGCGCGAGAGAGCGAGTGG
PAN3_T_1,AGGCCGCCGCCACTGTTCA
PDIK1L_S_10,GCGCGCGCCGGCTGCTGAC
PDIK1L_S_9,TGCCGCTTCTCCCTCTCAT
PDIK1L_S_8,GTGGCCCCGGTATGAGAGG
PDIK1L_S_7,GAGGTGGCCCCGGTATGAG
PDIK1L_S_6,GCCGGCTGCTGACTGGAGG
PDIK1L_T_5,GCGAGCTGCCCGATAATGG
PDIK1L_T_4,GGCTGCTGACTGGAGGCGG
PDIK1L_T_3,GGCGCGAGCTGCCCGATAA
PDIK1L_T_2,GCCTGCAGAGCCCATGAGA
PDIK1L_T_1,TCTGCAGGCCGCCATTATC
PHKG1_S_10,TCAATGCTGCCACTCTCCC
PHKG1_S_9,AGTGCTTGCAGGCTCTTGA
PHKG1_S_8,TCACTGGGCTAGCTACTCA
PHKG1_S_7,ATCTTCCAAGTGTCTGCTC
PHKG1_S_6,CTGCAGATGGAGGTTTCAA
PHKG1_T_5,CCAAAGCCCCCCGGGGAGA
PHKG1_T_4,TGTGGTCCCCTCTCCCCGG
PHKG1_T_3,TCTGAAGGCGGATGGACCA
PHKG1_T_2,CAAGTGTCTGCTCGGGACA
PHKG1_T_1,AGAATCCCAAAGCCCCCCG
PHKG2_S_10,GCCGCGGCCAGGGAAACGG
PHKG2_S_9,CCGCGCAGGCGCATTCGGG
PHKG2_S_8,GCAGGGGGAAGGGGCGCAA
PHKG2_S_7,GTGGGGAGATGTGCCCAGG
PHKG2_S_6,AGTCGCTCACCTTAACCCC
PHKG2_T_5,GGTTAAGGTGAGCGACTGC
PHKG2_T_4,GGCGGCGGGCGACAACCCA
PHKG2_T_3,CGCTCACCTTAACCCCCGG
PHKG2_T_2,TAGCGCAGGCTCACCTGAG
PHKG2_T_1,GAGCGACTGCAGGCAAACC
PI4KA_S_10,CCTGAGCGGAGGGATCTAG
PI4KA_S_9,GGCAGCGCCGCGGCTCGTG
PI4KA_S_8,GAAGAGAGAGGGACCGTGG
PI4KA_S_7,GTGCAGAGACCAGCATCCT
PI4KA_S_6,CCGCGAGCGCCCGACCTCA
PI4KA_T_5,TCACTGGCCCGCTCCCTGG
PI4KA_T_4,TCCTTGGAGAAGGTAACGT
PI4KA_T_3,ACGCCTGCGCCCTGAGGTC
PI4KA_T_2,GCCGCGGCTCGTGAGGTGA
PI4KA_T_1,GCGGCTCGTGAGGTGATGG
PIK3C2B_S_10,TCCGCCGCGAGCCGGAGGG
PIK3C2B_S_9,GTCTGTGCGGAGCCTGGAG
PIK3C2B_S_8,AGCTCGCGCACGCTCTCGG
PIK3C2B_S_7,CAGCAGCCGCCCCGCCCTC
PIK3C2B_S_6,CAGGCAGGCACCCGGCCGC
PIK3C2B_T_5,GCCGCAGAGCGAGCCCGGG
PIK3C2B_T_4,ACCCCGGGTGAGACAATAG
PIK3C2B_T_3,GTGCCTGCCTGTCCAGGCA
PIK3C2B_T_2,GGACACCCGGCGCACTGCA
PIK3C2B_T_1,TGCCTGTCCAGGCAGGGTC
PIK3C2G_S_10,ATCTGTGGTGTCAGCTAGC
PIK3C2G_S_9,TTATTTCATTCATGTCTAC
PIK3C2G_S_8,GAATGAAATAATTAGCTCA
PIK3C2G_S_7,TGAGATCGTGTTTCATTTC
PIK3C2G_S_6,TGTTATCAAATGCAATCTG
PIK3C2G_T_5,CGTGCCACTAGCTTGTAGA
PIK3C2G_T_4,GTAGACGGCATCCCCATGA
PIK3C2G_T_3,GGGAACGTGATGCTTCCAC
PIK3C2G_T_2,GATGCCGTCTACAAGCTAG
PIK3C2G_T_1,TCAGGAAGATATATGCGTC
PIP4K2C_S_10,AGGGACCAAGACAACCCGG
PIP4K2C_S_9,GAGCGCCGCTTCCGGGGTC
PIP4K2C_S_8,GCCGGCTCCGGCTTCCACT
PIP4K2C_S_7,ACCGTGGCTGGTGGGACCG
PIP4K2C_S_6,TCCCGCGCAACCGACCAAG
PIP4K2C_T_5,CCGGAGCCGGCAGCTATCC
PIP4K2C_T_4,CAGGTGAGCGCCGCTTCCG
PIP4K2C_T_3,AGGCGCCCGACCCCGGAAG
PIP4K2C_T_2,TCGGTTGCGCGGGAGACTA
PIP4K2C_T_1,CTATCCAGGCGCCCGACCC
PIP5K1A_S_10,GGTTCTGTAAAGAGACGTT
PIP5K1A_S_9,TGTCTGAGGGAGGCCCCGG
PIP5K1A_S_8,CACATCTGAAAAAAAAACG
PIP5K1A_S_7,AACCCGGCCGCTTCACTCC
PIP5K1A_S_6,TACCCGGAGTGAAGCGGCC
PIP5K1A_T_5,TTGGCTACCCGGAGTGAAG
PIP5K1A_T_4,CGATTAACAGGCCGTGGTT
PIP5K1A_T_3,TCTCCGTCCTTCCTAACCA
PIP5K1A_T_2,TAACAGGCCGTGGTTAGGA
PIP5K1A_T_1,GTTAGGAAGGACGGAGAAG
PIP5K1B_S_10,GGGACACACACACTCGCCG
PIP5K1B_S_9,TCGGGCGCGGGTTCCCGCT
PIP5K1B_S_8,GGCCAGACGGAGCAGCGAG
PIP5K1B_S_7,CTCCGTCTGGCCGGAGGAC
PIP5K1B_S_6,GGGAACCCGCGCCCGAGCC
PIP5K1B_T_5,CTGCGCCTCGCTCCGACTC
PIP5K1B_T_4,CGTCTGGCCGGAGGACCGG
PIP5K1B_T_3,ACTCCGGCGCGCACCAAGC
PIP5K1B_T_2,AGCGAGGCGCAGAGAGAGC
PIP5K1B_T_1,CCGGGAACCGGGGACCGAG
PIP5K1C_S_10,GAGCGGGTCAGGCAGAACG
PIP5K1C_S_9,CTGCCTGACCCGCTCCCAG
PIP5K1C_S_8,CTCCATGGCCGCGCGCGGA
PIP5K1C_S_7,CTGGAGGTACCGGACGAGG
PIP5K1C_S_6,CAACAAGCGCCGCCGGCCA
PIP5K1C_T_5,GAGCTGGAGGTACCGGACG
PIP5K1C_T_4,GCGGCGGCGGTCGCAGCTC
PIP5K1C_T_3,GCCGGCGGCGCTTGTTGTT
PIP5K1C_T_2,GGCGCTTGTTGTTCGGCGG
PIP5K1C_T_1,GGCGGCGCTTGTTGTTCGG
PKMYT1_S_10,GTCTCCGGGAGGGGCGAGT
PKMYT1_S_9,CAGACCTGGCGAGGCGGAG
PKMYT1_S_8,GGACTCCCGTGAGGGGGAA
PKMYT1_S_7,AACAGTCGACGGCAGACTC
PKMYT1_S_6,GGAGGCCACGGGACCCCTC
PKMYT1_T_5,ACTGTTCCGGACGCCCGGG
PKMYT1_T_4,GCGGAGGACTCCCGTGAGG
PKMYT1_T_3,ACGGGCCGTTCCCCCTCAC
PKMYT1_T_2,TCACGGGAGTCCTCCGCCC
PKMYT1_T_1,GGGCGTCCGGAACAGTCGA
PKN3_S_10,CCGCGCCTCACCCCCGGTT
PKN3_S_9,CGACCCGGCAACCTTCAGG
PKN3_S_8,ACCCCCGGTTTGGACGCTC
PKN3_S_7,CGTGACCGCGCCTCACCCC
PKN3_S_6,GGCCAGTTAGGGACAGGGA
PKN3_T_5,AGGCCAGAGGACCTGGGCG
PKN3_T_4,AGCCGGCCAGTTAGGGACA
PKN3_T_3,TCCTGAGCGTCCAAACCGG
PKN3_T_2,CGCGGGAGCCGGCCAGTTA
PKN3_T_1,GCCAGCGGGTCTCGGGAGG
PNCK_S_10,TGCGTGGGATAGCAGCTGT
PNCK_S_9,GCGTCTGCGGCCGCGTGGG
PNCK_S_8,ACGCAGCTCGGGACGCGGG
PNCK_S_7,GTCGAGCGCGCAGCGGCAA
PNCK_S_6,CAGCCACCTGCCAAGACCG
PNCK_T_5,AAAGCGGCCGGATGTGTGG
PNCK_T_4,CCCATGGCACAGCGCCCAC
PNCK_T_3,CGCCTAGACCCGCCACCCA
PNCK_T_2,AAGACCGCGGCCACCCACG
PNCK_T_1,ACTGCGCGGCACGACGCTG
PRKACB_S_10,TAGCAACTAAAATGGTAAT
PRKACB_S_9,CATGATCAGAAAACAGCTC
PRKACB_S_8,TGTAGTTGTACCTGTATAC
PRKACB_S_7,TTCAGCTTTCATCATTGTA
PRKACB_S_6,TATTTCATAGACACTCTAA
PRKACB_T_5,GTTTGAATACCCTGCAAAC
PRKACB_T_4,TTACTTGATCTGTCCCATA
PRKACB_T_3,AGAGTGTCTATGAAATAAC
PRKACB_T_2,CTGTATACTGGTTACAAGG
PRKACB_T_1,AAGTGTAAATGCACATGAA
PRKACG_S_10,GTCGAGCGAGTGTAGGTAC
PRKACG_S_9,GGAGAACTGGAGCTTGACG
PRKACG_S_8,GATGAGGTCGAGCGAGTGT
PRKACG_S_7,ACCTGGGCGGCATAGAAAC
PRKACG_S_6,TCCATCACCAGGTACAGGT
PRKACG_T_5,TGAGGCACCAGGAGACCGG
PRKACG_T_4,GGGGCGTTGCCCATGGCGG
PRKACG_T_3,CTGTAGAGGAAATCTCCTC
PRKACG_T_2,TCCTGCTCGGTGTCCTTCT
PRKACG_T_1,GCCAAGAAGGACACCGAGC
PRKCQ_S_10,CTGGAGGGGCCGAGACCCG
PRKCQ_S_9,GCGGCGCCGTGCTCGCTCC
PRKCQ_S_8,AGCGGGCGCAAGAGCGCAC
PRKCQ_S_7,CCAGCGGGGAAATTCTTCC
PRKCQ_S_6,CCGGGTGAGCAGGCGGAGT
PRKCQ_T_5,TCTGGGACGCAGGTCGCAC
PRKCQ_T_4,AGCCTCCGGGAAGGGGTGA
PRKCQ_T_3,TGCGGGTGCGCCTAGAAGG
PRKCQ_T_2,GCCGTGCTCGCTCCAGGTA
PRKCQ_T_1,GCCCTACCTGGAGCGAGCA
PRPF4B_S_10,CCCTGGCCGCAGCTCTTAG
PRPF4B_S_9,CCCAGCAGCCACGGCCTCT
PRPF4B_S_8,CTTCCTGACTCCTCGGCGG
PRPF4B_S_7,TACACGGTCGGCACATGCG
PRPF4B_S_6,CCCCTACCCTCCACCGTCC
PRPF4B_T_5,GGCGGCGGCTCCCGGACGG
PRPF4B_T_4,CGTAGCGACTGGGTCTCCG
PRPF4B_T_3,GAACTTCCTGACTCCTCGG
PRPF4B_T_2,TCCCGGACGGTGGAGGGTA
PRPF4B_T_1,GGCGGCTCCCGGACGGTGG
PSKH1_S_10,TCCGAGGCCAGTCCAGACT
PSKH1_S_9,GGCGGCCGCTGCCATTGCC
PSKH1_S_8,GCCGGCCATCTCCGGGCAA
PSKH1_S_7,GCCATTGCCCGGAGATGGC
PSKH1_S_6,CGGCTCTGCCGGCCATCTC
PSKH1_T_5,CGACGCTAACGCCCGAGAA
PSKH1_T_4,CATCTCCGGGCAATGGCAG
PSKH1_T_3,GACGCTGCAGGCTGACCAG
PSKH1_T_2,TAACGCCCGAGAATGGCGG
PSKH1_T_1,CGCTAACGCCCGAGAATGG
PSKH2_S_10,AGGACCCGGGGGTCGAACT
PSKH2_S_9,GGCTGCTTCCCGAGTCCCC
PSKH2_S_8,CCAGGTAAAGCGCCACGTG
PSKH2_S_7,CAAGCTGAAGGGAACCTCG
PSKH2_S_6,TATGGGGTGCGGCGCCAGC
PSKH2_T_5,GCTGAAGGGAACCTCGAGG
PSKH2_T_4,CAGGCGGCGCAGAGGATAC
PSKH2_T_3,CAGCAGGAAGGTGGTCCCG
PSKH2_T_2,TTACCTGGCAAGGACCCGG
PSKH2_T_1,CCGCCGCTCGCGGGACCTG
PXK_S_10,CGTCCCGGGATGGCCTTCA
PXK_S_9,CGGCGGGAGTCGGCGCCTC
PXK_S_8,GGCGGCGGTGGAACCGGGC
PXK_S_7,GTTCCTACCTCGCGTCCCT
PXK_S_6,AAGGTGCTGCTGGACGACA
PXK_T_5,CAGCGGCGGCGGTGGAACC
PXK_T_4,TCTCCATGAAGGCCATCCC
PXK_T_3,GGGCGGCGCGTGTTGACAG
PXK_T_2,CCGCCTAGGGACGCGAGGT
PXK_T_1,GACGCGAGGTAGGAACCCG
RIOK1_S_10,TCCAGTCATGGACTACCGG
RIOK1_S_9,AGTGCCCTGGCTCTGGGTA
RIOK1_S_8,GAATTGCCCGGGGACCACC
RIOK1_S_7,GAGGGGCTTCCGGTTGGGG
RIOK1_S_6,GTCAGACTTCCGGGCGAGG
RIOK1_T_5,CGCACGTGGTGGCCACTGT
RIOK1_T_4,AGAGCCGTACCCAGAGCCA
RIOK1_T_3,CCACGTGCGACGGGAAAAC
RIOK1_T_2,CCAGAGCCAGGGCACTGTA
RIOK1_T_1,GGCAGGGTGGTGGATCTGT
RIOK2_S_10,GGCGCTGTAAAGCGCTTAG
RIOK2_S_9,CTGTAAAGCGCTTAGAGGC
RIOK2_S_8,ATCTGAGCAGGCACACTCT
RIOK2_S_7,CACTCTGGGACCCGGGACG
RIOK2_S_6,TCGGACTGGGGCCGCCATG
RIOK2_T_5,ACGACAGCCGCAAAGCGTA
RIOK2_T_4,TCGGAGAGGCATCTGGGTT
RIOK2_T_3,TGTCGTCGGAGAGGCATCT
RIOK2_T_2,AGCGCGTGCGCGAGCCATC
RIOK2_T_1,GAGGCATCTGGGTTCGGAC
RIOK3_S_10,ATGGAGGGAGCGGAAAGAG
RIOK3_S_9,AAGAGGAGAGATCCAGTTC
RIOK3_S_8,CTAGCGAAGAGGGCGGAAG
RIOK3_S_7,CTCTCGGAAAGCTCGGAGA
RIOK3_S_6,CGGGCAGCAGGCTCCGCCG
RIOK3_T_5,CGTGTCCCGCCTGTCTCCT
RIOK3_T_4,GGCGACTGGCTGCTGATGC
RIOK3_T_3,CAGGCTCCGCCGAGGAGAC
RIOK3_T_2,GCTCCGCCGAGGAGACAGG
RIOK3_T_1,CCATCTGTCACCTCCACTC
RNASEL_S_10,GGCTGGAGGACTTGGGAAG
RNASEL_S_9,GATCCTTCCGGGCAGCCAA
RNASEL_S_8,GTGGACTCTGACAGAACTC
RNASEL_S_7,TGAGTTGAGCAGGTAAGGC
RNASEL_S_6,CTTTGGCAGCCGCAAAGCC
RNASEL_T_5,AGCAGGGCGGAGCCAAGAA
RNASEL_T_4,GACGTCTCAATTATTCCTT
RNASEL_T_3,AACTCTGGAAGGGCACTGG
RNASEL_T_2,GGGCTGCAAGCAGTCTTCC
RNASEL_T_1,CAGCAGGAGGAAACTGCTC
RPS6KC1_S_10,CTGGCTCAGAGCCGAGGGT
RPS6KC1_S_9,ACACCGGCACTCACCCGGG
RPS6KC1_S_8,CGGGATCATGAGGGAAACC
RPS6KC1_S_7,AGCCCCAGCGACACCCGAG
RPS6KC1_S_6,CACCCGCCCGGGATCATGA
RPS6KC1_T_5,CCCCAACGCAGCGGCGAAG
RPS6KC1_T_4,TGGGGAACCTGGACCGCGG
RPS6KC1_T_3,TCCAGGTTCCCCAACGCAG
RPS6KC1_T_2,CTCCAAGGCGGCTCCACGG
RPS6KC1_T_1,CAGCGGCGAAGCGGCGAGG
RPS6KL1_S_10,AAGGTGCACGGTCCCAGGG
RPS6KL1_S_9,TGGCCGAGCAGGGATGGTG
RPS6KL1_S_8,CGCAAGGTGCACGGTCCCA
RPS6KL1_S_7,CCTGCTCGGCCAAGCCCAG
RPS6KL1_S_6,CACCGTACCTGCCCGAGCT
RPS6KL1_T_5,AGCTGGGAGCCGGGTCCGC
RPS6KL1_T_4,CGGCGCGCTCTGGCGTGAA
RPS6KL1_T_3,CTCCCAGCTCGGGCAGGTA
RPS6KL1_T_2,AGGCCTCCCCCTCACGTAC
RPS6KL1_T_1,GTGAAGGGCCGGTACGTGA
SBK1_S_10,CAGGGGAGTCGCTCGGTGT
SBK1_S_9,AGTGGGTCCCGGCCACCGG
SBK1_S_8,GCTCGCCGGATCCTGGATG
SBK1_S_7,GCGCTCCATCGCGGCATCG
SBK1_S_6,AGGGCCGGGCTGCTCGTAG
SBK1_T_5,GGATCCTGGATGTGGAAGG
SBK1_T_4,GAAGACAGCAAGCCCCCTA
SBK1_T_3,CAGGTGCGCGCTGGCTGGA
SBK1_T_2,CGGCGACCGAGCCCCCCAG
SBK1_T_1,CCCGGGCTGCGCTCCATCG
SBK2_S_10,GGCTGGGTCGGAGGGAGGT
SBK2_S_9,CTCCTAGGCAGGCCTCTGC
SBK2_S_8,CCTGGAGGCTGTAGAGCGG
SBK2_S_7,GGTCAGTGCCCGGCACTTA
SBK2_S_6,GTGAGGGAAACAGAATCAG
SBK2_T_5,TTAGGGCTCATGCCAGCAG
SBK2_T_4,ACCACAGCCGGCGGCCGGA
SBK2_T_3,GGCATGAGCCCTAAGTGCC
SBK2_T_2,GAGGTTCCGGGAGAGAGGT
SBK2_T_1,GGGCACTGACCACAGCCGG
SCYL1_S_10,GAGCTCGAACGGAAAGTCC
SCYL1_S_9,CGGGGCCTGCGTCAGACGG
SCYL1_S_8,GCAAGGCCCAGGTCGACCG
SCYL1_S_7,CGTAGGCCGCGGTCGACCT
SCYL1_S_6,GCTCCGGGATGAGCTCGAA
SCYL1_T_5,TTGTGTGGCCGGAAGACAA
SCYL1_T_4,AAGTCCCGGACCGGGTCCC
SCYL1_T_3,GGTTCGGGCGCCTTAGCTC
SCYL1_T_2,GCCGGAGGACCCGGAGCTA
SCYL1_T_1,GCCTTAGCTCCGGGTCCTC
SCYL2_S_10,CTCCCGGAGCCGGCGAGGA
SCYL2_S_9,GACCGGGGACGAAGAGTAA
SCYL2_S_8,ACCGGCGGCTCTCTCGCCT
SCYL2_S_7,GAAGGAAGAGGTAAGTGAC
SCYL2_S_6,AGCCGCCGGTGAGGGAGGT
SCYL2_T_5,GGAGCCGGCGAGGAGGGAA
SCYL2_T_4,GCGAGAGAGCCGCCGGTGA
SCYL2_T_3,GCCGGCGAGGAGGGAATGG
SCYL2_T_2,GACCGACCTCCCTCACCGG
SCYL2_T_1,ACCGACCGACCTCCCTCAC
SCYL3_S_10,GCCAACTAACCAGGAACCG
SCYL3_S_9,CGGCCAGAGCTCTCCAAGG
SCYL3_S_8,CCGCGGCCAGAGCTCTCCA
SCYL3_S_7,GTTTCCGGACCCGTCTCTA
SCYL3_S_6,CCCCACAATCAGCAAGGGG
SCYL3_T_5,TGGCCACAGCCTTACAGGC
SCYL3_T_4,TACACCCACAATCTTCTGG
SCYL3_T_3,CCGGCCCCCAGAAGATTGT
SCYL3_T_2,AGGACTGCGCCGTGGGGGA
SCYL3_T_1,GTAGTGGCCACAGCCTTAC
SGK223_T_1,GAACAATGCTCCGGCCGGG
SGK223_T_2,TGCGAACAATGCTCCGGCC
SGK223_T_3,CGGTCGCCTGTCACCCCGG
SGK223_T_4,TGGTGCCCGAGGTGCAGGG
SGK223_T_5,CCTTCTGCGAACAATGCTC
SGK223_S_6,AGGCGACCGCTCGGGAAGT
SGK223_S_7,GTGCGTGCCCGGCCGCGGG
SGK223_S_8,GGCAGAAGCCACCCGCCCG
SGK223_S_9,CGGCTCGGAGACCGACGGA
SGK223_S_10,GCCGAGCGGGCTACCCCCG
SGK494_S_10,GGCTCTGGCAGCCTACTGA
SGK494_S_9,GAGTGCCTAGTAAGATGGG
SGK494_S_8,AGGTTCCACCCATCTTACT
SGK494_S_7,TGGCTGTCCCTCACAAGGT
SGK494_S_6,CAGCCTGCACCTCAGTATT
SGK494_T_5,CTGGCAGCCTACTGAGGGG
SGK494_T_4,CAGCAGGGGGAACACACCC
SGK494_T_3,CAGCAGATTTAGCAGAGAG
SGK494_T_2,AATGGGAGCAGTAAGCTGT
SGK494_T_1,AGCAGTAAGCTGTCGGCAG
SRPK3_S_10,TCCCCACCACCGCCCGTGC
SRPK3_S_9,AGCATCTGAGGCACCGGTG
SRPK3_S_8,TCCCAGCAGAGCCAGACGG
SRPK3_S_7,AGGCCTGTGAGCTGCGGGT
SRPK3_S_6,TGGGCATGAGAGACGCCAG
SRPK3_T_5,GCCAGCACGGGCGGTGGTG
SRPK3_T_4,GCAGCTCCGGTGCCCCGGG
SRPK3_T_3,AGCAGGTAGGGCTCGGCTG
SRPK3_T_2,GCGGCAGTAGCAGCAGGTA
SRPK3_T_1,GGATGAGCGCCAGCACGGG
STK17A_S_10,GGGCGGGTCCGTGACCCTC
STK17A_S_9,ACACCCGCTCTCCCCAGCG
STK17A_S_8,TTCACTCCGAGCAGCCGGA
STK17A_S_7,GGCTCCTAGTGCCGGTCCG
STK17A_S_6,TGGGTGCCGACGGCAAGTA
STK17A_T_5,CGCCCCCGGCTCCTAGTGC
STK17A_T_4,CAGTCCGAGCGCCGCGCTG
STK17A_T_3,CCGAGCAGCCGGAGGGTCA
STK17A_T_2,GACCGGCACTAGGAGCCGG
STK17A_T_1,ACTGCGGCAGGCAGACTAC
STK17B_S_10,AAACCGCGACTGCAAGCTT
STK17B_S_9,GGACAGCGGCCCCCTGGAG
STK17B_S_8,GTCCCGGGAGAACCTGCGG
STK17B_S_7,CGCCAGGGAGCTCCGAACG
STK17B_S_6,CAGCAATCAGCCACCTCAG
STK17B_T_5,AACGGCGATGCCCCAGACG
STK17B_T_4,CTTCTCGTGAAGTGACTCC
STK17B_T_3,AGGGCCGACGGTTGTGACC
STK17B_T_2,GCAGTCCCGGGAGAACCTG
STK17B_T_1,TGACTCCTGGCGACAGCAG
STK19_S_10,AAGTCCCGCAGGTAGTACA
STK19_S_9,GGCTCCTCAGCACGATGGG
STK19_S_8,ATAAATCGGCTCACGGACA
STK19_S_7,CCCGGTACCATAAAATCCC
STK19_S_6,CCGGGATATGAGCTGGAAG
STK19_T_5,GGCTCACGGACAGGGAACT
STK19_T_4,TCCATTCCTACCCCTTCCC
STK19_T_3,CGACCCTGGGCAGATAAAT
STK19_T_2,AGCCGCGCGCGCCGACCCT
STK19_T_1,ATGGTACCGGGGAAGGGGT
STK3_S_10,CCTCGCCCGTGGACAGACG
STK3_S_9,GCGGGAGGGAGATCCGCCG
STK3_S_8,GAGGGAAACTCTGGGAACT
STK3_S_7,GAGGAGCCGCGCTCCTAAG
STK3_S_6,GGCGCGTGGAAAGTCGGGT
STK3_T_5,CGCGGAGTTACGGGAAAGT
STK3_T_4,CGAAGGCCGAAAGGAGGAA
STK3_T_3,AGATCCGCCGCGGAGTTAC
STK3_T_2,CACCGGCCGGCCGAGCCTA
STK3_T_1,CGAGCCTAGGGCACCACAG
STK31_S_10,GCTGCACGTGTGCTACGGC
STK31_S_9,GTGTGCTACGGCGGGCGGA
STK31_S_8,GCACGTGTGCTACGGCGGG
STK31_S_7,AGCCGCTGCACGTGTGCTA
STK31_S_6,AGTCCAGTATGTGGGTCCA
STK31_T_5,GCCGCCCGCCACCCCAGAG
STK31_T_4,AGCTCTAGAAGAGTGACCC
STK31_T_3,GGCATCTGGCACCCCTCTG
STK31_T_2,GGCCGAAAGTCCAGTATGT
STK31_T_1,TGACCCTGGACCCACATAC
STK32A_S_10,TGCATACTAAGGGTACTGT
STK32A_S_9,AGCCTCATGGGAGGAATGA
STK32A_S_8,TGGGAAGCTAGGAAGTGCA
STK32A_S_7,ATCGAGACTAGGTGAGTGG
STK32A_S_6,GCATCGCTCCGAGCCTCAT
STK32A_T_5,TCGCTCCGAGCCTCATGGG
STK32A_T_4,GAAAAGGCACCTATCTGCC
STK32A_T_3,AGGCTGCGAGCGCCGGGCT
STK32A_T_2,GGAGCGATGCTTTCATCCA
STK32A_T_1,CCGCCGCTTCCGGGCAGAT
STK32B_S_10,ACCCGGGAGCTCCTCGCGC
STK32B_S_9,GCGGCCGGGCATGTAGCAG
STK32B_S_8,CCTGCGAGCGCAGTCGGAA
STK32B_S_7,GGCGAGGAGCGCCGCACGT
STK32B_S_6,CCGGGCGGGCACTGGAGTA
STK32B_T_5,AGTGCCCGCCCGGGAACCC
STK32B_T_4,GTCTCCCGCCCGCTGTAGC
STK32B_T_3,CCTCGCCGGCTACAGCGGG
STK32B_T_2,CGCTCCTCGCCGGCTACAG
STK32B_T_1,TCGCGCCGGGGCCAACGTG
STK32C_S_10,GGAAGCCCCAGGAGAGACG
STK32C_S_9,TGCGCACGCACGCGGCCAA
STK32C_S_8,GGCCGCGGGCGCGGAAAAA
STK32C_S_7,CCGCGCCCGCGGCCTTGAA
STK32C_S_6,AGTAGAGACCGCGAGGGTC
STK32C_T_5,CGCGGCCTTGAAGGGGTGG
STK32C_T_4,GCCCGCGGCCTTGAAGGGG
STK32C_T_3,GGGCAAGTAGAGACCGCGA
STK32C_T_2,TCGCCCCTCCAGACCCTCG
STK32C_T_1,TGAAGGGGTGGTGGTCGAC
STK32C_S_10,CAGACCCGGCGATGAGGAG
STK32C_S_9,ATGGCCGGCCGGCAGGGCC
STK32C_S_8,GGAGTGGCGCCGAGCGCAG
STK32C_S_7,GTGGTAGCGGGAGCGCTCG
STK32C_S_6,CCAGCGCTCGCAATCTACG
STK32C_T_5,GCGCTCGCAATCTACGGGG
STK32C_T_4,GCCCGCCGTGCGCTCTTCT
STK32C_T_3,CACCGCCCAGAAGAGCGCA
STK32C_T_2,CCGGGAGCGGCAGTGGTAG
STK32C_T_1,CGCCCAGAAGAGCGCACGG
STK33_S_10,CCCCAGGAGACACTCGGAG
STK33_S_9,CTCCAGGGACCACTCACCG
STK33_S_8,CCGGCTGGTAACCCCCCAG
STK33_S_7,GCGCGAGGACAAACAGCGG
STK33_S_6,AGACGGTGGAGATGAACCG
STK33_T_5,TGAGCCCGGAATTCTGCAC
STK33_T_4,AGCCCGCAGAGCAACCGCA
STK33_T_3,GCCGCGCGAGGACAAACAG
STK33_T_2,CCGGCAGCGAGATACCCAG
STK33_T_1,ACCGCAGGGCAGTGGACGG
STK36_S_10,GAATCCGTCCCTTGGCCTG
STK36_S_9,CTCCAAGCTCCTCAGGCCA
STK36_S_8,CGCCAGGGAATCCGTCCCT
STK36_S_7,AGGCTAGGTTGAAAGAGTA
STK36_S_6,CAAAGGAGCAGGGTTGGTT
STK36_T_5,CATCTGGGACGCCTAGTTG
STK36_T_4,CTTGGAGCTCCTAGGCTGG
STK36_T_3,GGCCAAGGGACGGATTCCC
STK36_T_2,GAGATGGGGCTAAACGCCA
STK36_T_1,TGGACGGCGGACCACACAT
STK38L_S_10,AATGTCTCCGGGGAACCTG
STK38L_S_9,AGAGGGAGCCTCGCACCCG
STK38L_S_8,CCGGAGGCAGGTGAGTTCG
STK38L_S_7,ATCACCCCGGGGAATAAGA
STK38L_S_6,CGGCCGGCTGCGGTCCGTG
STK38L_T_5,GAAAGCCGGGCTAATTCTG
STK38L_T_4,CGGCCTCGCCGGAATCTCA
STK38L_T_3,ACGGGCGCCCGGCCGGCTG
STK38L_T_2,CCGGCTGCGGTCCGTGCGG
STK38L_T_1,CGGCCGCGGGCGCGACCGG
STK40_S_10,CCTCGCGCCGGGTACCGGG
STK40_S_9,GTGCGTCACTTCCGTTGTC
STK40_S_8,AGTCCGTAGCCCAGAGCCG
STK40_S_7,AGCTCTGACCACCCGGCGA
STK40_S_6,CGTCACTTCCGTTGTCAGG
STK40_T_5,GACCACCCGGCGAAGGTGA
STK40_T_4,CCGCCTCCCTCCATGGCTG
STK40_T_3,CGGCGCCGCCACCTGACAA
STK40_T_2,GCGGCGCCGCAGCCATGGA
STK40_T_1,GCGCCGCAGCCATGGAGGG
TAOK1_S_10,CCTTTCGCCGACAGGTCTG
TAOK1_S_9,GGAAAGGGGGATATAGAGG
TAOK1_S_8,TGCTCCGCCCCAGACCTGT
TAOK1_S_7,GCTCTGCAACAAGGGGCGG
TAOK1_S_6,CCTGTCGGCGAAAGGGTAA
TAOK1_T_5,TCCACACACAGGCCCGAGT
TAOK1_T_4,CGGTAGCCGCTACCCTGGA
TAOK1_T_3,GCGGCTTGCTGGGGCTCGG
TAOK1_T_2,TGGGCTGGGCGGCTTGCTG
TAOK1_T_1,CAAGCTCTGCAACAAGGGG
TAOK2_S_10,GGCCCACCCCGAGGACGTC
TAOK2_S_9,CCCGGGTATCTGAGAAAGG
TAOK2_S_8,CTATTCTCGGAAGAGAGAA
TAOK2_S_7,CGGTCTCCATCTTGGAATT
TAOK2_S_6,TTCCAAGATGGAGACCGGG
TAOK2_T_5,GGGGCTGTGGTGCGGAGAG
TAOK2_T_4,CGGGACGAGACCGGGGCTG
TAOK2_T_3,CTCTCACGCCGGGGTCCGA
TAOK2_T_2,GGGAGACCGGGACGAGACC
TAOK2_T_1,CGAGACCGGGGCTGTGGTG
TBCK_S_10,GGCGGGCTGTAGCTAGGGA
TBCK_S_9,GCTGTGAGGGCGGAAGAAA
TBCK_S_8,GGGTAGAGGGTGAAAAGCT
TBCK_S_7,CCGGCGAGGAGCGCAAGCC
TBCK_S_6,CAGCCAAGGTTAACCTTCG
TBCK_T_5,GTTCCGCGAAGGTTAACCT
TBCK_T_4,TCGCGAGCCAAGTCAGCCA
TBCK_T_3,ACCTTCGCGGAACCCGGCG
TBCK_T_2,CAGGCTGAGGGGAGGGTAG
TBCK_T_1,CTGGTGCACTAAGCCGTAG
TESK1_S_10,GACCGGGCGGTGGCGGTGA
TESK1_S_9,CACTGCGCGGAGAAGATCG
TESK1_S_8,GCGCTGCGGAGAGCCCGGT
TESK1_S_7,CCGCGGCAAGCCAGCCCGC
TESK1_S_6,CGCCGGGGATCAGGCTCCG
TESK1_T_5,AGGCTCCGCGGCCTGCCGG
TESK1_T_4,GGGGCGGGTCCAGGATCTT
TESK1_T_3,GCGGGTCCAGGATCTTCGG
TESK1_T_2,CTGATCCCCGGCGGCTAAG
TESK1_T_1,GGCCGCGGAGCCTGATCCC
TESK2_S_10,GCTGGTCGGATCGTCCTCC
TESK2_S_9,TAGGCGTTTCAGTCTTTCG
TESK2_S_8,GAGGAGACGGCGGCAAAGA
TESK2_S_7,GCCGCTCCCCCCGCCTGTT
TESK2_S_6,GCGAAGCCAACAGGGCAGC
TESK2_T_5,AACCCTCACAGCTCGTTGG
TESK2_T_4,GACTCAGCTAGGCTAGCGG
TESK2_T_3,CCTGTTTGGCGGGGCCAGG
TESK2_T_2,TGCCTGCGCGGGCAAGAGG
TESK2_T_1,CCGACCAGCGAAGCCAACA
TLK1_S_10,CCCGACTCCCCCCCTGCGA
TLK1_S_9,GAGCGAGAGAGCGAGGGCT
TLK1_S_8,GGGGGCCGACGCACTGCAG
TLK1_S_7,CGGCGGCGGAGGCGTCGAG
TLK1_S_6,GAGCGAGCGGGCGCGCCAG
TLK1_T_5,GCAGCGGCGGCAACGGCAC
TLK1_T_4,CGGCCGAGGACACTTCCGC
TLK1_T_3,CCGCCCGCGGAAGTGTCCT
TLK1_T_2,GGGAGGAAACCGAGAAGAG
TLK1_T_1,AGGAAACCGAGAAGAGGGG
TLK2_S_10,GCGGCCGGAGGAGAGACGG
TLK2_S_9,CAGGCTCCTCAGGCCAAAG
TLK2_S_8,CCCGGGCCCGGGCCCGCGT
TLK2_S_7,GGGGAGGACTCCAGGCCTG
TLK2_S_6,TGCGACCTGGGCCCAGCTC
TLK2_T_5,GCCAAAGGGGTCCCCAGGA
TLK2_T_4,AGGAGAGACGGGGGCCCCC
TLK2_T_3,CCGGGCGGGGGAGGACTCC
TLK2_T_2,ACCGTCCTGGGGACCCCTT
TLK2_T_1,CCGGAGCCGGCCCCGAGCT
TP53RK_S_10,TACAGGCCGGAAGTGTCCG
TP53RK_S_9,GGCCGCCGCCATGACTGCT
TP53RK_S_8,TCAAGCACCGCTTCCCCAA
TP53RK_S_7,CGGGCTCCTCGCCATCGGC
TP53RK_S_6,GGCGCGGCTTGGCAGACGG
TP53RK_T_5,GCGGCCAGAGCTACTACGC
TP53RK_T_4,TCAGAGACAGCTGATCGGT
TP53RK_T_3,CGCCGAGCAGTCATGGCGG
TP53RK_T_2,TCGGCCGGCGTAGTAGCTC
TP53RK_T_1,CTGTTGCGCCGAGCAGTCA
TSSK1B_S_10,ACCTCCTGGGGATAAATTT
TSSK1B_S_9,GCGACGAGGCTACCTCCTG
TSSK1B_S_8,AGTGTGCTCATTTACATCC
TSSK1B_S_7,GATAGAGAGTCCTTTGGGC
TSSK1B_S_6,GTCTTGGCCTCTAGGAGGC
TSSK1B_T_5,GACTCTGGAGTGGAACATT
TSSK1B_T_4,TGCTGTTCCTGCCTCCTAG
TSSK1B_T_3,CTACAGCCCCGAGGCGCAT
TSSK1B_T_2,CCTGGATAGAGAGTCCTTT
TSSK1B_T_1,CAGAGTCTTGGCCTCTAGG
TSSK2_S_10,CCTCGGGAGATGGACATCC
TSSK2_S_9,CTGGGCTTCGACTCAGGGG
TSSK2_S_8,TTACACTACCGGAGGCGTC
TSSK2_S_7,CTACCGGAGGCGTCTGGCT
TSSK2_S_6,CATGACGGGGGGATGTAGA
TSSK2_T_5,GCCTCCGGTAGTGTAAATG
TSSK2_T_4,TCCTCATTTACACTACCGG
TSSK2_T_3,CTGCTGGCCCACATGACGG
TSSK2_T_2,TGCCTGCTGGCCCACATGA
TSSK2_T_1,TGAGTCGAAGCCCAGCCCA
TSSK3_S_10,CTCTGTCTGGACACAGCGG
TSSK3_S_9,GACACAGCGGCGGGTGGTG
TSSK3_S_8,CCCACTGGAGAACCCCCAA
TSSK3_S_7,TTGCCCAGCTGGTACCCAT
TSSK3_S_6,CAGCTGGGCAAGACCATTG
TSSK3_T_5,TCAGCGCGGGCCAGAATCG
TSSK3_T_4,GAGAATGTTCTAACGCTGG
TSSK3_T_3,GCCATGGCGCCTGGAGACG
TSSK3_T_2,CGGCTGCGGATGAAGTCCT
TSSK3_T_1,GAGTAGAGCTGCCTCTCAG
TSSK4_S_10,GTGTTGGCCTTTGGATAGG
TSSK4_S_9,TTGTTAAGATAGTCATCAG
TSSK4_S_8,GAGGAGTTCCGTAACCAAA
TSSK4_S_7,CTTGAGCTGCTGAAGGCTA
TSSK4_S_6,AGCAGGGAGCTTTACTACT
TSSK4_T_5,TCAGCAAGCCCAACACCAT
TSSK4_T_4,TATATAGTCACACGAGTCT
TSSK4_T_3,CAGCCCTCCACTAGGAACT
TSSK4_T_2,CCCTCCACTAGGAACTTGG
TSSK4_T_1,TCCACTAGGAACTTGGAGG
TSSK6_S_10,CACAACAGCGGCCAATGTC
TSSK6_S_9,GGAAAAGGGGCCTTAACTG
TSSK6_S_8,AGCTCTGGCGGCGGACCCT
TSSK6_S_7,GGATAGTTACACTACTGTC
TSSK6_S_6,GATGGTCCGCGGCACGGCT
TSSK6_T_5,AAGCACTTGAGATGGTCCG
TSSK6_T_4,CCGCGCGGGAAAGCTCTGG
TSSK6_T_3,CGGCACGGCTAGGAAGTCC
TSSK6_T_2,CGACCGCGCGGGAAAGCTC
TSSK6_T_1,GGCCTGCGCAACACCCCAG
TTBK1_S_10,CGGAGGCAGCAGCTCGGGG
TTBK1_S_9,GGGCCGGGCCGGGATGATC
TTBK1_S_8,CTTCCGACCCGGATCATCC
TTBK1_S_7,CGCGGAGGGGAGCCCAAGA
TTBK1_S_6,GAGCCCCCTGAGCCCACGA
TTBK1_T_5,GGGCCGGGATGATCCGGGT
TTBK1_T_4,GGTGACCCGCTCCCTCCGG
TTBK1_T_3,CCTCCTTGGGCGACGGCGG
TTBK1_T_2,CGTCGCCCAAGGAGGATCG
TTBK1_T_1,CCCGGCCCCGATCCTCCTT
TTBK2_S_10,CGGGTCCCGCCGCAGTCGG
TTBK2_S_9,AACGCGGACGGTACCCCAG
TTBK2_S_8,TAGTCGCCGCAGCGGCGAT
TTBK2_S_7,CGAGGGGGGAGAATAACGT
TTBK2_S_6,TCCAGCTCAGGACCGGGAC
TTBK2_T_5,TCTGCAGTAGTCGCCGCAG
TTBK2_T_4,GCTGTGTCGGGTTACGAGG
TTBK2_T_3,TAACGTCGGGTCGGGTCAG
TTBK2_T_2,CAGCGGCGATGGGAGCGGT
TTBK2_T_1,GCCGCAGCGGCGATGGGAG
UCK2_S_10,GGAGGGGCGGCGCGAACCA
UCK2_S_9,TAAACCGGACCAGCCGCTG
UCK2_S_8,AGGCGCGCGGGCCACGCGG
UCK2_S_7,ACCACCAGCAGCCCAACGG
UCK2_S_6,GCCGCTCGGAGCCCGGTGA
UCK2_T_5,CTCTGCCTGGGATGTAAAC
UCK2_T_4,GACCAGCCGCTGCGGGCAA
UCK2_T_3,CTGGTCCGGTTTACATCCC
UCK2_T_2,AGCCGCTGCGGGCAAAGGA
UCK2_T_1,AAGCGGAGGGAGTCCGACG
ULK4_S_10,CAGGCCTGCCGGGGCGGGT
ULK4_S_9,CCTAGGAAGCGCTGCAGGG
ULK4_S_8,CCGAGATGCGCGCAACCGC
ULK4_S_7,CGCTCTTCCGCGACCGCTT
ULK4_S_6,TGCCTCAGGACAGGTCCAC
ULK4_T_5,GTCCACAGGCCCAAGAATG
ULK4_T_4,CAGGGGGTACGGGGTCCAC
ULK4_T_3,GAAAAGAGTCCAGTCCACT
ULK4_T_2,AACCGCGGGAGCAGCCAAG
ULK4_T_1,CGGGAGCAGCCAAGTGGAC
VRK2_S_10,GGCCCGCGGAGCCTCACAC
VRK2_S_9,GACGGGGGATCCTGAGGCC
VRK2_S_8,GCTCCGGCACTGCAAGCGG
VRK2_S_7,CGCGGGACTGTAGGCCCGG
VRK2_S_6,GGTGCGCGCGGCCCGGCGA
VRK2_T_5,CCCGCTGGGAGTGAGAACA
VRK2_T_4,GGGCTCCGCCTCGTCGCAG
VRK2_T_3,CCTCGTCGCAGCGGCAGGT
VRK2_T_2,CGTCGCAGCGGCAGGTAGG
VRK2_T_1,CCAGAGCAAGAGACTGACC
VRK3_S_10,GCCCAGCGAAAACTTCCGC
VRK3_S_9,TGGCTAAGGCGGAGATGGG
VRK3_S_8,TCGGGGTTCGGAATGAGAG
VRK3_S_7,TTCCGAACCCCGACAGCAG
VRK3_S_6,CCCAACACGGAGCCCAAGG
VRK3_T_5,CCCAGCGGAAGTTTTCGCT
VRK3_T_4,TTTCGCTGGGCAACTGAGA
VRK3_T_3,CGCAGCGCTCTCCGCCCAG
VRK3_T_2,GTAACTGCGGAGGATCCGA
VRK3_T_1,CAACTGAGAAGGTGAGTCC
WEE2_S_10,TAATTGCTCCGAGAGTCAC
WEE2_S_9,AAGCTGAGGTCTTATAGAT
WEE2_S_8,CTGAGGTCTTATAGATTGG
WEE2_S_7,GAATTCCTTTAATTTAGCA
WEE2_S_6,AACTAACAGCTACAAAACA
WEE2_T_5,CTAGTATTTGGTAACACAT
WEE2_T_4,TATTAGCTTATTCCCAAAT
WEE2_T_3,TAAAGCCATGCTAAATTAA
WEE2_T_2,TATAGATTGGTGGTACTTA
WEE2_T_1,TATTCCCAAATTGGCTAAT
WNK2_S_10,AGCCTAGCAGAACCCTCCT
WNK2_S_9,GCGGCCGCCGAGACGTCCC
WNK2_S_8,CTGCGTGCCCACGGGCTCG
WNK2_S_7,TCCCGGAGGCAGCTGTAAA
WNK2_S_6,AAGCGGCCGTCCAGAGAGG
WNK2_T_5,TTCTGCTAGGCTGTCCCGG
WNK2_T_4,TGGGAGAGAGGACCTGCTA
WNK2_T_3,CTGGACACGGAGACCTGGG
WNK2_T_2,GCAGGCGCGGTTTCGACAG
WNK2_T_1,ACGCCGGCCCCGAGCCCGT
WNK3_S_10,CCGGGCCGAGCGCGAGCTT
WNK3_S_9,GCCGGGGCGCTAGGAGAGA
WNK3_S_8,AGCGGAGCTCGAGACATCG
WNK3_S_7,CCGGTAGGTAAAGAGCGGG
WNK3_S_6,GAGGAGTAAGAAGCATCGG
WNK3_T_5,CGGCCGGTAGGTAAAGAGC
WNK3_T_4,CCAGCCAGGGAATTCGGAC
WNK3_T_3,TAAAGAGCGGGCGGAGAGA
WNK3_T_2,TCGGAGGAGGCGATCGAGG
WNK3_T_1,CTCGTCGTGGGGCGAGAGG
POMK_1,CCTGCAGCCCAAGCCTCTG
POMK_2,GGGCTGCAGGTAGGTGCTG
POMK_3,AGGTAGGTGCTGCGGCGAG
POMK_4,GCTGCGGCGAGGGGTGAGA
POMK_5,GCAGGTAGGTGCTGCGGCG
POMK_6,AGAGGCTTGGGCTGCAGGT
POMK_7,GGGGTGGCAGGAGCCGCAG
POMK_8,GCAGGAGCCGCAGAGGCTT
POMK_9,GGCAGGAGCCGCAGAGGCT
POMK_10,CCGCAGAGGCTTGGGCTGC
SBK3_1,CCATCCTCAGGGGTCTCGG
SBK3_2,TCTGGGTCCCCATCCTCAG
SBK3_3,GGGACCCAGAGGTGAGAGA
SBK3_4,TCCGAGACCCCTGAGGATG
SBK3_5,CTCCGAGACCCCTGAGGAT
SBK3_6,CCTCCGAGACCCCTGAGGA
SBK3_7,CCTGAGGATGGGGACCCAG
SBK3_8,CTCTGGGTCCCCATCCTCA
SBK3_9,CCTCTGGGTCCCCATCCTC
SBK3_10,TCTCTCTGTCTTCCTCCCC
